"Date","SerialID","mean_temp","site"
2022-06-02,"20907917",19.4025,"cairngorms"
2022-06-02,"20907926",7.1725,"cairngorms"
2022-06-02,"20907927",8.4725,"cairngorms"
2022-06-02,"20907955",9.87145833333333,"cairngorms"
2022-06-03,"20907917",19.7056944444444,"cairngorms"
2022-06-03,"20907926",8.39965277777778,"cairngorms"
2022-06-03,"20907927",9.99361111111111,"cairngorms"
2022-06-03,"20907955",12.4416666666667,"cairngorms"
2022-06-04,"20907917",20.9923611111111,"cairngorms"
2022-06-04,"20907926",7.69611111111111,"cairngorms"
2022-06-04,"20907927",10.6696527777778,"cairngorms"
2022-06-04,"20907955",12.3311805555556,"cairngorms"
2022-06-05,"20907917",20.6772222222222,"cairngorms"
2022-06-05,"20907926",8.43993055555556,"cairngorms"
2022-06-05,"20907927",11.0324305555556,"cairngorms"
2022-06-05,"20907955",13.1193055555556,"cairngorms"
2022-06-06,"20907917",20.0184027777778,"cairngorms"
2022-06-06,"20907926",8.53131944444444,"cairngorms"
2022-06-06,"20907927",11.4229861111111,"cairngorms"
2022-06-06,"20907955",13.2245833333333,"cairngorms"
2022-06-07,"20907917",20.3775694444444,"cairngorms"
2022-06-07,"20907926",8.25756944444444,"cairngorms"
2022-06-07,"20907927",10.4290972222222,"cairngorms"
2022-06-07,"20907955",11.8819444444444,"cairngorms"
2022-06-08,"20907917",19.5722916666667,"cairngorms"
2022-06-08,"20907926",8.36986111111111,"cairngorms"
2022-06-08,"20907927",9.84597222222222,"cairngorms"
2022-06-08,"20907955",11.0711805555556,"cairngorms"
2022-06-09,"20907917",19.045,"cairngorms"
2022-06-09,"20907926",8.98013888888889,"cairngorms"
2022-06-09,"20907927",10.0357638888889,"cairngorms"
2022-06-09,"20907955",11.7073611111111,"cairngorms"
2022-06-10,"20907917",20.1369444444444,"cairngorms"
2022-06-10,"20907926",8.51673611111111,"cairngorms"
2022-06-10,"20907927",9.54180555555556,"cairngorms"
2022-06-10,"20907955",10.8411111111111,"cairngorms"
2022-06-11,"20907917",20.0535416666667,"cairngorms"
2022-06-11,"20907926",7.67458333333333,"cairngorms"
2022-06-11,"20907927",8.55097222222222,"cairngorms"
2022-06-11,"20907955",9.74784722222222,"cairngorms"
2022-06-12,"20907917",19.5286111111111,"cairngorms"
2022-06-12,"20907926",6.86243055555556,"cairngorms"
2022-06-12,"20907927",8.05229166666667,"cairngorms"
2022-06-12,"20907955",9.66270833333333,"cairngorms"
2022-06-13,"20907917",18.6800694444444,"cairngorms"
2022-06-13,"20907926",6.97798611111111,"cairngorms"
2022-06-13,"20907927",7.87840277777778,"cairngorms"
2022-06-13,"20907955",9.44743055555556,"cairngorms"
2022-06-14,"20907917",18.2673611111111,"cairngorms"
2022-06-14,"20907926",7.63534722222222,"cairngorms"
2022-06-14,"20907927",8.22465277777778,"cairngorms"
2022-06-14,"20907955",10.1204166666667,"cairngorms"
2022-06-15,"20907917",19.3529861111111,"cairngorms"
2022-06-15,"20907926",8.71791666666667,"cairngorms"
2022-06-15,"20907927",9.36236111111111,"cairngorms"
2022-06-15,"20907955",11.4238888888889,"cairngorms"
2022-06-16,"20907917",20.3388194444444,"cairngorms"
2022-06-16,"20907926",9.82111111111111,"cairngorms"
2022-06-16,"20907927",10.1765972222222,"cairngorms"
2022-06-16,"20907955",11.9861805555556,"cairngorms"
2022-06-17,"20907917",20.6673611111111,"cairngorms"
2022-06-17,"20907926",9.30708333333333,"cairngorms"
2022-06-17,"20907927",10.199375,"cairngorms"
2022-06-17,"20907955",12.0140972222222,"cairngorms"
2022-06-18,"20907917",19.7860416666667,"cairngorms"
2022-06-18,"20907926",6.5425,"cairngorms"
2022-06-18,"20907927",8.31645833333333,"cairngorms"
2022-06-18,"20907955",9.97354166666667,"cairngorms"
2022-06-19,"20907917",19.3597916666667,"cairngorms"
2022-06-19,"20907926",6.86798611111111,"cairngorms"
2022-06-19,"20907927",7.88944444444444,"cairngorms"
2022-06-19,"20907955",9.07833333333333,"cairngorms"
2022-06-20,"20907917",19.8423611111111,"cairngorms"
2022-06-20,"20907926",7.54902777777778,"cairngorms"
2022-06-20,"20907927",9.04861111111111,"cairngorms"
2022-06-20,"20907955",10.6477777777778,"cairngorms"
2022-06-21,"20907917",20.4482638888889,"cairngorms"
2022-06-21,"20907926",10.2502777777778,"cairngorms"
2022-06-21,"20907927",10.7565277777778,"cairngorms"
2022-06-21,"20907955",13.1773611111111,"cairngorms"
2022-06-22,"20907917",21.0120833333333,"cairngorms"
2022-06-22,"20907926",10.8002777777778,"cairngorms"
2022-06-22,"20907927",11.6260416666667,"cairngorms"
2022-06-22,"20907955",14.1983333333333,"cairngorms"
2022-06-23,"20907917",21.6504166666667,"cairngorms"
2022-06-23,"20907926",10.958125,"cairngorms"
2022-06-23,"20907927",12.090625,"cairngorms"
2022-06-23,"20907955",14.5695833333333,"cairngorms"
2022-06-24,"20907917",22.6583333333333,"cairngorms"
2022-06-24,"20907926",12.0000694444444,"cairngorms"
2022-06-24,"20907927",12.756875,"cairngorms"
2022-06-24,"20907955",15.3828472222222,"cairngorms"
2022-06-25,"20907917",22.1950694444444,"cairngorms"
2022-06-25,"20907926",10.5597222222222,"cairngorms"
2022-06-25,"20907927",11.67,"cairngorms"
2022-06-25,"20907955",13.6303472222222,"cairngorms"
2022-06-26,"20907917",20.9509027777778,"cairngorms"
2022-06-26,"20907926",9.31118055555556,"cairngorms"
2022-06-26,"20907927",9.72277777777778,"cairngorms"
2022-06-26,"20907955",11.2251388888889,"cairngorms"
2022-06-27,"20907917",20.2929861111111,"cairngorms"
2022-06-27,"20907926",9.12701388888889,"cairngorms"
2022-06-27,"20907927",9.95222222222222,"cairngorms"
2022-06-27,"20907955",11.7449305555556,"cairngorms"
2022-06-28,"20907917",19.0283333333333,"cairngorms"
2022-06-28,"20907926",9.14756944444444,"cairngorms"
2022-06-28,"20907927",9.76722222222222,"cairngorms"
2022-06-28,"20907955",11.3069444444444,"cairngorms"
2022-06-29,"20907917",18.9178472222222,"cairngorms"
2022-06-29,"20907926",9.96909722222222,"cairngorms"
2022-06-29,"20907927",10.4573611111111,"cairngorms"
2022-06-29,"20907955",12.2226388888889,"cairngorms"
2022-06-30,"20907917",19.7160416666667,"cairngorms"
2022-06-30,"20907926",9.87819444444444,"cairngorms"
2022-06-30,"20907927",10.5199305555556,"cairngorms"
2022-06-30,"20907955",12.1671527777778,"cairngorms"
2022-07-01,"20907917",20.3446527777778,"cairngorms"
2022-07-01,"20907926",9.701875,"cairngorms"
2022-07-01,"20907927",10.6147222222222,"cairngorms"
2022-07-01,"20907955",12.2643055555556,"cairngorms"
2022-07-02,"20907917",20.2244444444444,"cairngorms"
2022-07-02,"20907926",9.65194444444444,"cairngorms"
2022-07-02,"20907927",10.3659722222222,"cairngorms"
2022-07-02,"20907955",12.0830555555556,"cairngorms"
2022-07-03,"20907917",19.9690972222222,"cairngorms"
2022-07-03,"20907926",8.77826388888889,"cairngorms"
2022-07-03,"20907927",9.71013888888889,"cairngorms"
2022-07-03,"20907955",11.4274305555556,"cairngorms"
2022-07-04,"20907917",19.4488194444444,"cairngorms"
2022-07-04,"20907926",7.806875,"cairngorms"
2022-07-04,"20907927",8.81930555555556,"cairngorms"
2022-07-04,"20907955",10.5179861111111,"cairngorms"
2022-07-05,"20907917",19.8049305555556,"cairngorms"
2022-07-05,"20907926",8.27909722222222,"cairngorms"
2022-07-05,"20907927",9.45,"cairngorms"
2022-07-05,"20907955",11.4027777777778,"cairngorms"
2022-07-06,"20907917",20.0523611111111,"cairngorms"
2022-07-06,"20907926",9.79430555555555,"cairngorms"
2022-07-06,"20907927",10.2257638888889,"cairngorms"
2022-07-06,"20907955",11.9729861111111,"cairngorms"
2022-07-07,"20907917",21.1030555555556,"cairngorms"
2022-07-07,"20907926",9.99965277777778,"cairngorms"
2022-07-07,"20907927",10.6145833333333,"cairngorms"
2022-07-07,"20907955",12.1415972222222,"cairngorms"
2022-07-08,"20907917",22.21,"cairngorms"
2022-07-08,"20907926",10.6705555555556,"cairngorms"
2022-07-08,"20907927",11.6244444444444,"cairngorms"
2022-07-08,"20907955",13.6988194444444,"cairngorms"
2022-07-09,"20907917",22.2084027777778,"cairngorms"
2022-07-09,"20907926",10.2511111111111,"cairngorms"
2022-07-09,"20907927",11.7379861111111,"cairngorms"
2022-07-09,"20907955",13.8160416666667,"cairngorms"
2022-07-10,"20907917",23.6790972222222,"cairngorms"
2022-07-10,"20907926",11.7033333333333,"cairngorms"
2022-07-10,"20907927",13.5086805555556,"cairngorms"
2022-07-10,"20907955",15.9390972222222,"cairngorms"
2022-07-11,"20907917",24.4577777777778,"cairngorms"
2022-07-11,"20907926",11.9790277777778,"cairngorms"
2022-07-11,"20907927",13.0351388888889,"cairngorms"
2022-07-11,"20907955",15.0652777777778,"cairngorms"
2022-07-12,"20907917",24.45875,"cairngorms"
2022-07-12,"20907926",11.894375,"cairngorms"
2022-07-12,"20907927",13.9513194444444,"cairngorms"
2022-07-12,"20907955",16.5992361111111,"cairngorms"
2022-07-13,"20907917",23.1480555555556,"cairngorms"
2022-07-13,"20907926",9.38277777777778,"cairngorms"
2022-07-13,"20907927",11.5175694444444,"cairngorms"
2022-07-13,"20907955",13.8522916666667,"cairngorms"
2022-07-14,"20907917",21.7300694444444,"cairngorms"
2022-07-14,"20907926",9.08652777777778,"cairngorms"
2022-07-14,"20907927",10.4207638888889,"cairngorms"
2022-07-14,"20907955",12.3986805555556,"cairngorms"
2022-07-15,"20907917",21.5416666666667,"cairngorms"
2022-07-15,"20907926",10.1090277777778,"cairngorms"
2022-07-15,"20907927",11.61625,"cairngorms"
2022-07-15,"20907955",13.7727777777778,"cairngorms"
2022-07-16,"20907917",21.6481944444444,"cairngorms"
2022-07-16,"20907926",10.3140277777778,"cairngorms"
2022-07-16,"20907927",11.5603472222222,"cairngorms"
2022-07-16,"20907955",13.60875,"cairngorms"
2022-07-17,"20907917",21.9876388888889,"cairngorms"
2022-07-17,"20907926",11.8726388888889,"cairngorms"
2022-07-17,"20907927",12.3883333333333,"cairngorms"
2022-07-17,"20907955",14.3161805555556,"cairngorms"
2022-07-18,"20907917",23.738125,"cairngorms"
2022-07-18,"20907926",13.4409722222222,"cairngorms"
2022-07-18,"20907927",14.9696527777778,"cairngorms"
2022-07-18,"20907955",17.824375,"cairngorms"
2022-07-19,"20907917",25.8247916666667,"cairngorms"
2022-07-19,"20907926",14.0176388888889,"cairngorms"
2022-07-19,"20907927",15.3111111111111,"cairngorms"
2022-07-19,"20907955",17.6722916666667,"cairngorms"
2022-07-20,"20907917",26.3357638888889,"cairngorms"
2022-07-20,"20907926",12.6388194444444,"cairngorms"
2022-07-20,"20907927",14.2634722222222,"cairngorms"
2022-07-20,"20907955",16.3926388888889,"cairngorms"
2022-07-21,"20907917",24.8421527777778,"cairngorms"
2022-07-21,"20907926",11.1852083333333,"cairngorms"
2022-07-21,"20907927",12.7708333333333,"cairngorms"
2022-07-21,"20907955",14.2424305555556,"cairngorms"
2022-07-22,"20907917",22.9667361111111,"cairngorms"
2022-07-22,"20907926",11.28,"cairngorms"
2022-07-22,"20907927",12.3800694444444,"cairngorms"
2022-07-22,"20907955",13.9947916666667,"cairngorms"
2022-07-23,"20907917",21.77,"cairngorms"
2022-07-23,"20907926",11.7345833333333,"cairngorms"
2022-07-23,"20907927",12.4223611111111,"cairngorms"
2022-07-23,"20907955",14.0851388888889,"cairngorms"
2022-07-24,"20907917",21.9583333333333,"cairngorms"
2022-07-24,"20907926",12.6183333333333,"cairngorms"
2022-07-24,"20907927",13.1338194444444,"cairngorms"
2022-07-24,"20907955",14.525625,"cairngorms"
2022-07-25,"20907917",21.5202083333333,"cairngorms"
2022-07-25,"20907926",10.3061111111111,"cairngorms"
2022-07-25,"20907927",11.6661805555556,"cairngorms"
2022-07-25,"20907955",12.4682638888889,"cairngorms"
2022-07-26,"20907917",20.6091666666667,"cairngorms"
2022-07-26,"20907926",9.55715277777778,"cairngorms"
2022-07-26,"20907927",10.5720833333333,"cairngorms"
2022-07-26,"20907955",11.4200694444444,"cairngorms"
2022-07-27,"20907917",20.6351388888889,"cairngorms"
2022-07-27,"20907926",10.3142361111111,"cairngorms"
2022-07-27,"20907927",11.0936111111111,"cairngorms"
2022-07-27,"20907955",12.5363888888889,"cairngorms"
2022-07-28,"20907917",21.1280555555556,"cairngorms"
2022-07-28,"20907926",10.7159027777778,"cairngorms"
2022-07-28,"20907927",11.3580555555556,"cairngorms"
2022-07-28,"20907955",12.6215277777778,"cairngorms"
2022-07-29,"20907917",21.3517361111111,"cairngorms"
2022-07-29,"20907926",11.2039583333333,"cairngorms"
2022-07-29,"20907927",12.1538888888889,"cairngorms"
2022-07-29,"20907955",13.83,"cairngorms"
2022-07-30,"20907917",22.3149305555556,"cairngorms"
2022-07-30,"20907926",12.0577083333333,"cairngorms"
2022-07-30,"20907927",12.8341666666667,"cairngorms"
2022-07-30,"20907955",14.9267361111111,"cairngorms"
2022-07-31,"20907917",22.1020138888889,"cairngorms"
2022-07-31,"20907926",10.5953472222222,"cairngorms"
2022-07-31,"20907927",13.25,"cairngorms"
2022-07-31,"20907955",14.9041666666667,"cairngorms"
2022-08-01,"20907917",20.5945138888889,"cairngorms"
2022-08-01,"20907926",9.85395833333333,"cairngorms"
2022-08-01,"20907927",12.7410416666667,"cairngorms"
2022-08-01,"20907955",13.9252083333333,"cairngorms"
2022-08-02,"20907917",22.0788888888889,"cairngorms"
2022-08-02,"20907926",12.3236805555556,"cairngorms"
2022-08-02,"20907927",13.2685416666667,"cairngorms"
2022-08-02,"20907955",14.9134027777778,"cairngorms"
2022-08-03,"20907917",21.5589583333333,"cairngorms"
2022-08-03,"20907926",10.6286111111111,"cairngorms"
2022-08-03,"20907927",11.5496527777778,"cairngorms"
2022-08-03,"20907955",12.7964583333333,"cairngorms"
2022-08-04,"20907917",19.4384027777778,"cairngorms"
2022-08-04,"20907926",9.61472222222222,"cairngorms"
2022-08-04,"20907927",10.5722916666667,"cairngorms"
2022-08-04,"20907955",11.9345833333333,"cairngorms"
2022-08-05,"20907917",18.7534722222222,"cairngorms"
2022-08-05,"20907926",8.83541666666667,"cairngorms"
2022-08-05,"20907927",10.0403472222222,"cairngorms"
2022-08-05,"20907955",11.2661111111111,"cairngorms"
2022-08-06,"20907917",19.400625,"cairngorms"
2022-08-06,"20907926",8.76131944444444,"cairngorms"
2022-08-06,"20907927",9.6325,"cairngorms"
2022-08-06,"20907955",10.9653472222222,"cairngorms"
2022-08-07,"20907917",20.5310416666667,"cairngorms"
2022-08-07,"20907926",10.3191666666667,"cairngorms"
2022-08-07,"20907927",11.3976388888889,"cairngorms"
2022-08-07,"20907955",12.9680555555556,"cairngorms"
2022-08-08,"20907917",20.6865277777778,"cairngorms"
2022-08-08,"20907926",10.7727083333333,"cairngorms"
2022-08-08,"20907927",11.5222916666667,"cairngorms"
2022-08-08,"20907955",13.2150694444444,"cairngorms"
2022-08-09,"20907917",21.8793055555556,"cairngorms"
2022-08-09,"20907926",12.0228472222222,"cairngorms"
2022-08-09,"20907927",12.63,"cairngorms"
2022-08-09,"20907955",14.5916666666667,"cairngorms"
2022-08-10,"20907917",23.4211805555556,"cairngorms"
2022-08-10,"20907926",11.9216666666667,"cairngorms"
2022-08-10,"20907927",13.311875,"cairngorms"
2022-08-10,"20907955",15.0573611111111,"cairngorms"
2022-08-11,"20907917",24.7989583333333,"cairngorms"
2022-08-11,"20907926",12.083125,"cairngorms"
2022-08-11,"20907927",14.1336111111111,"cairngorms"
2022-08-11,"20907955",16.0167361111111,"cairngorms"
2022-08-12,"20907917",24.2816666666667,"cairngorms"
2022-08-12,"20907926",13.0767361111111,"cairngorms"
2022-08-12,"20907927",15.2495833333333,"cairngorms"
2022-08-12,"20907955",17.3998611111111,"cairngorms"
2022-08-13,"20907917",23.5371527777778,"cairngorms"
2022-08-13,"20907926",12.7298611111111,"cairngorms"
2022-08-13,"20907927",14.9988888888889,"cairngorms"
2022-08-13,"20907955",16.2022222222222,"cairngorms"
2022-08-14,"20907917",22.8427777777778,"cairngorms"
2022-08-14,"20907926",12.6054861111111,"cairngorms"
2022-08-14,"20907927",14.7646527777778,"cairngorms"
2022-08-14,"20907955",15.9901388888889,"cairngorms"
2022-08-15,"20907917",21.7645833333333,"cairngorms"
2022-08-15,"20907926",12.415,"cairngorms"
2022-08-15,"20907927",13.5563888888889,"cairngorms"
2022-08-15,"20907955",14.4547222222222,"cairngorms"
2022-08-16,"20907917",20.1902777777778,"cairngorms"
2022-08-16,"20907926",9.16763888888889,"cairngorms"
2022-08-16,"20907927",11.3920833333333,"cairngorms"
2022-08-16,"20907955",11.900625,"cairngorms"
2022-08-17,"20907917",19.4858333333333,"cairngorms"
2022-08-17,"20907926",8.29458333333333,"cairngorms"
2022-08-17,"20907927",10.6518055555556,"cairngorms"
2022-08-17,"20907955",11.5232638888889,"cairngorms"
2022-08-18,"20907917",20.2572916666667,"cairngorms"
2022-08-18,"20907926",10.145625,"cairngorms"
2022-08-18,"20907927",10.9178472222222,"cairngorms"
2022-08-18,"20907955",12.0252083333333,"cairngorms"
2022-08-19,"20907917",20.5640277777778,"cairngorms"
2022-08-19,"20907926",9.474375,"cairngorms"
2022-08-19,"20907927",10.2421527777778,"cairngorms"
2022-08-19,"20907955",11.32625,"cairngorms"
2022-08-20,"20907917",20.6472222222222,"cairngorms"
2022-08-20,"20907926",8.61486111111111,"cairngorms"
2022-08-20,"20907927",9.68847222222222,"cairngorms"
2022-08-20,"20907955",10.9075694444444,"cairngorms"
2022-08-21,"20907917",20.3395833333333,"cairngorms"
2022-08-21,"20907926",8.60131944444444,"cairngorms"
2022-08-21,"20907927",9.585625,"cairngorms"
2022-08-21,"20907955",11.0940972222222,"cairngorms"
2022-08-22,"20907917",19.31875,"cairngorms"
2022-08-22,"20907926",9.49708333333333,"cairngorms"
2022-08-22,"20907927",10.2311111111111,"cairngorms"
2022-08-22,"20907955",11.6541666666667,"cairngorms"
2022-08-23,"20907917",19.5957638888889,"cairngorms"
2022-08-23,"20907926",11.3226388888889,"cairngorms"
2022-08-23,"20907927",11.9326388888889,"cairngorms"
2022-08-23,"20907955",13.319375,"cairngorms"
2022-08-24,"20907917",20.2961805555556,"cairngorms"
2022-08-24,"20907926",10.6398611111111,"cairngorms"
2022-08-24,"20907927",11.4211805555556,"cairngorms"
2022-08-24,"20907955",12.6136805555556,"cairngorms"
2022-08-25,"20907917",20.034375,"cairngorms"
2022-08-25,"20907926",9.78256944444444,"cairngorms"
2022-08-25,"20907927",10.5753472222222,"cairngorms"
2022-08-25,"20907955",11.8859027777778,"cairngorms"
2022-08-26,"20907917",19.6779166666667,"cairngorms"
2022-08-26,"20907926",10.425,"cairngorms"
2022-08-26,"20907927",11.375625,"cairngorms"
2022-08-26,"20907955",12.8259027777778,"cairngorms"
2022-08-27,"20907917",19.7519444444444,"cairngorms"
2022-08-27,"20907926",10.2466666666667,"cairngorms"
2022-08-27,"20907927",12.1594444444444,"cairngorms"
2022-08-27,"20907955",13.31125,"cairngorms"
2022-08-28,"20907917",20.7071527777778,"cairngorms"
2022-08-28,"20907926",10.8359722222222,"cairngorms"
2022-08-28,"20907927",12.1013194444444,"cairngorms"
2022-08-28,"20907955",13.1161805555556,"cairngorms"
2022-08-29,"20907917",20.7472222222222,"cairngorms"
2022-08-29,"20907926",12.0179166666667,"cairngorms"
2022-08-29,"20907927",12.8185416666667,"cairngorms"
2022-08-29,"20907955",14.3713194444444,"cairngorms"
2022-08-30,"20907917",19.8245138888889,"cairngorms"
2022-08-30,"20907926",10.8520833333333,"cairngorms"
2022-08-30,"20907927",12.0795833333333,"cairngorms"
2022-08-30,"20907955",13.1990972222222,"cairngorms"
2022-07-21,"94221283",0.125,"BC_coastal"
2022-07-21,"94221285",-0.125,"BC_coastal"
2022-07-21,"94221286",0.125,"BC_coastal"
2022-07-21,"94221288",0,"BC_coastal"
2022-07-21,"94221289",0.25390625,"BC_coastal"
2022-07-22,"94221283",0.125,"BC_coastal"
2022-07-22,"94221285",-0.125,"BC_coastal"
2022-07-22,"94221286",0.125,"BC_coastal"
2022-07-22,"94221288",-0.000651041666666667,"BC_coastal"
2022-07-22,"94221289",0.2578125,"BC_coastal"
2022-07-23,"94221283",0.125,"BC_coastal"
2022-07-23,"94221285",-0.125,"BC_coastal"
2022-07-23,"94221286",0.161458333333333,"BC_coastal"
2022-07-23,"94221288",0.278645833333333,"BC_coastal"
2022-07-23,"94221289",0.259114583333333,"BC_coastal"
2022-07-24,"94221283",0.125,"BC_coastal"
2022-07-24,"94221285",-0.125,"BC_coastal"
2022-07-24,"94221286",2.701171875,"BC_coastal"
2022-07-24,"94221288",5.84505208333333,"BC_coastal"
2022-07-24,"94221289",0.262369791666667,"BC_coastal"
2022-07-25,"94221283",0.139322916666667,"BC_coastal"
2022-07-25,"94221284",9.384765625,"BC_coastal"
2022-07-25,"94221285",-0.099609375,"BC_coastal"
2022-07-25,"94221286",8.72395833333333,"BC_coastal"
2022-07-25,"94221289",0.2734375,"BC_coastal"
2022-07-26,"94221283",0.53125,"BC_coastal"
2022-07-26,"94221284",10.927734375,"BC_coastal"
2022-07-26,"94221285",3.06184895833334,"BC_coastal"
2022-07-26,"94221286",12.29296875,"BC_coastal"
2022-07-26,"94221289",0.320963541666667,"BC_coastal"
2022-07-27,"94221283",7.39453125,"BC_coastal"
2022-07-27,"94221284",11.8880208333333,"BC_coastal"
2022-07-27,"94221285",13.79296875,"BC_coastal"
2022-07-27,"94221286",13.880859375,"BC_coastal"
2022-07-27,"94221289",3.77083333333333,"BC_coastal"
2022-07-28,"94221283",11.736328125,"BC_coastal"
2022-07-28,"94221284",12.21875,"BC_coastal"
2022-07-28,"94221286",14.8346354166667,"BC_coastal"
2022-07-28,"94221288",14.8658854166667,"BC_coastal"
2022-07-28,"94221289",9.29752604166667,"BC_coastal"
2022-07-29,"94221283",12.78125,"BC_coastal"
2022-07-29,"94221284",12.1608072916667,"BC_coastal"
2022-07-29,"94221286",15.08984375,"BC_coastal"
2022-07-29,"94221288",14.6790364583333,"BC_coastal"
2022-07-29,"94221289",11.3177083333333,"BC_coastal"
2022-07-30,"94221281",15.01171875,"BC_coastal"
2022-07-30,"94221283",13.4251302083333,"BC_coastal"
2022-07-30,"94221284",12.2233072916667,"BC_coastal"
2022-07-30,"94221288",14.888671875,"BC_coastal"
2022-07-30,"94221289",12.0735677083333,"BC_coastal"
2022-07-31,"94221283",13.419921875,"BC_coastal"
2022-07-31,"94221284",12.193359375,"BC_coastal"
2022-07-31,"94221286",15.2766927083333,"BC_coastal"
2022-07-31,"94221288",14.7005208333333,"BC_coastal"
2022-07-31,"94221289",12.8014322916667,"BC_coastal"
2022-08-01,"94221283",13.6608072916667,"BC_coastal"
2022-08-01,"94221284",12.2473958333333,"BC_coastal"
2022-08-01,"94221285",13.9231770833333,"BC_coastal"
2022-08-01,"94221288",14.59375,"BC_coastal"
2022-08-01,"94221289",13.0143229166667,"BC_coastal"
2022-08-02,"94221283",12.7682291666667,"BC_coastal"
2022-08-02,"94221284",11.3190104166667,"BC_coastal"
2022-08-02,"94221285",13.6953125,"BC_coastal"
2022-08-02,"94221288",13.486328125,"BC_coastal"
2022-08-02,"94221289",12.8118489583333,"BC_coastal"
2022-08-03,"94221283",10.4674479166667,"BC_coastal"
2022-08-03,"94221284",9.76627604166667,"BC_coastal"
2022-08-03,"94221285",9.94466145833333,"BC_coastal"
2022-08-03,"94221288",11.7877604166667,"BC_coastal"
2022-08-03,"94221289",11.9869791666667,"BC_coastal"
2022-08-04,"94221283",9.28059895833333,"BC_coastal"
2022-08-04,"94221284",8.8515625,"BC_coastal"
2022-08-04,"94221285",9.88606770833333,"BC_coastal"
2022-08-04,"94221288",10.5501302083333,"BC_coastal"
2022-08-04,"94221289",10.96875,"BC_coastal"
2022-08-05,"94221283",9.59375,"BC_coastal"
2022-08-05,"94221284",9.17578125,"BC_coastal"
2022-08-05,"94221285",9.97005208333333,"BC_coastal"
2022-08-05,"94221288",10.5794270833333,"BC_coastal"
2022-08-05,"94221289",10.6315104166667,"BC_coastal"
2022-08-06,"94221283",11.302734375,"BC_coastal"
2022-08-06,"94221284",10.083984375,"BC_coastal"
2022-08-06,"94221286",12.6028645833333,"BC_coastal"
2022-08-06,"94221288",11.8658854166667,"BC_coastal"
2022-08-06,"94221289",11.3541666666667,"BC_coastal"
2022-08-07,"94221283",12.669921875,"BC_coastal"
2022-08-07,"94221284",11.255859375,"BC_coastal"
2022-08-07,"94221286",13.78515625,"BC_coastal"
2022-08-07,"94221288",13.2799479166667,"BC_coastal"
2022-08-07,"94221289",12.544921875,"BC_coastal"
2022-08-08,"94221283",13.1673177083333,"BC_coastal"
2022-08-08,"94221284",11.6966145833333,"BC_coastal"
2022-08-08,"94221286",14.3678385416667,"BC_coastal"
2022-08-08,"94221288",13.814453125,"BC_coastal"
2022-08-08,"94221289",13.2565104166667,"BC_coastal"
2022-08-09,"94221283",13.9876302083333,"BC_coastal"
2022-08-09,"94221284",12.244140625,"BC_coastal"
2022-08-09,"94221286",14.7044270833333,"BC_coastal"
2022-08-09,"94221288",14.2428385416667,"BC_coastal"
2022-08-09,"94221289",13.8665364583333,"BC_coastal"
2022-08-10,"94221283",14.1627604166667,"BC_coastal"
2022-08-10,"94221284",11.9778645833333,"BC_coastal"
2022-08-10,"94221286",14.58203125,"BC_coastal"
2022-08-10,"94221288",14.060546875,"BC_coastal"
2022-08-10,"94221289",14.2239583333333,"BC_coastal"
2022-08-11,"94221283",15.17578125,"BC_coastal"
2022-08-11,"94221284",13.0872395833333,"BC_coastal"
2022-08-11,"94221286",15.3411458333333,"BC_coastal"
2022-08-11,"94221288",15.177734375,"BC_coastal"
2022-08-11,"94221289",14.8802083333333,"BC_coastal"
2022-08-12,"94221283",14.2272135416667,"BC_coastal"
2022-08-12,"94221284",12.2024739583333,"BC_coastal"
2022-08-12,"94221286",14.5611979166667,"BC_coastal"
2022-08-12,"94221288",14.154296875,"BC_coastal"
2022-08-12,"94221289",14.4856770833333,"BC_coastal"
2022-08-13,"94221283",13.0260416666667,"BC_coastal"
2022-08-13,"94221284",11.3919270833333,"BC_coastal"
2022-08-13,"94221285",11.2897135416667,"BC_coastal"
2022-08-13,"94221286",13.603515625,"BC_coastal"
2022-08-13,"94221288",13.462890625,"BC_coastal"
2022-08-14,"94221283",13.5397135416667,"BC_coastal"
2022-08-14,"94221284",11.6419270833333,"BC_coastal"
2022-08-14,"94221285",13.3079427083333,"BC_coastal"
2022-08-14,"94221286",13.2669270833333,"BC_coastal"
2022-08-14,"94221289",13.3001302083333,"BC_coastal"
2022-08-15,"94221283",14.005859375,"BC_coastal"
2022-08-15,"94221284",11.6959635416667,"BC_coastal"
2022-08-15,"94221286",13.84765625,"BC_coastal"
2022-08-15,"94221288",13.6223958333333,"BC_coastal"
2022-08-15,"94221289",13.9244791666667,"BC_coastal"
2022-08-16,"94221283",14.8561197916667,"BC_coastal"
2022-08-16,"94221284",12.8404947916667,"BC_coastal"
2022-08-16,"94221286",14.5533854166667,"BC_coastal"
2022-08-16,"94221288",14.671875,"BC_coastal"
2022-08-16,"94221289",14.779296875,"BC_coastal"
2022-08-17,"94221283",15.03125,"BC_coastal"
2022-08-17,"94221284",12.9290364583333,"BC_coastal"
2022-08-17,"94221286",14.3346354166667,"BC_coastal"
2022-08-17,"94221288",14.689453125,"BC_coastal"
2022-08-17,"94221289",14.9205729166667,"BC_coastal"
2022-08-18,"94221283",15.6783854166667,"BC_coastal"
2022-08-18,"94221284",13.2408854166667,"BC_coastal"
2022-08-18,"94221286",14.7747395833333,"BC_coastal"
2022-08-18,"94221288",15.208984375,"BC_coastal"
2022-08-18,"94221289",15.32421875,"BC_coastal"
2022-08-19,"94221283",14.1751302083333,"BC_coastal"
2022-08-19,"94221284",12.2102864583333,"BC_coastal"
2022-08-19,"94221285",13.853515625,"BC_coastal"
2022-08-19,"94221286",14.1516927083333,"BC_coastal"
2022-08-19,"94221288",14.2174479166667,"BC_coastal"
2022-08-20,"94221283",14.9609375,"BC_coastal"
2022-08-20,"94221284",12.6875,"BC_coastal"
2022-08-20,"94221286",14.1803385416667,"BC_coastal"
2022-08-20,"94221288",14.599609375,"BC_coastal"
2022-08-20,"94221289",14.6809895833333,"BC_coastal"
2022-08-21,"94221284",13.10546875,"BC_coastal"
2022-08-21,"94221285",14.5423177083333,"BC_coastal"
2022-08-21,"94221286",14.146484375,"BC_coastal"
2022-08-21,"94221288",15.017578125,"BC_coastal"
2022-08-21,"94221289",14.87109375,"BC_coastal"
2022-08-22,"94221284",13.2434895833333,"BC_coastal"
2022-08-22,"94221285",14.92578125,"BC_coastal"
2022-08-22,"94221286",13.8509114583333,"BC_coastal"
2022-08-22,"94221288",15.0169270833333,"BC_coastal"
2022-08-22,"94221289",14.662109375,"BC_coastal"
2022-08-23,"94221284",12.7005208333333,"BC_coastal"
2022-08-23,"94221285",14.0748697916667,"BC_coastal"
2022-08-23,"94221286",13.5859375,"BC_coastal"
2022-08-23,"94221288",14.294921875,"BC_coastal"
2022-08-23,"94221289",14.4140625,"BC_coastal"
2022-08-24,"94221283",15.490234375,"BC_coastal"
2022-08-24,"94221284",13.1783854166667,"BC_coastal"
2022-08-24,"94221286",13.943359375,"BC_coastal"
2022-08-24,"94221288",14.7259114583333,"BC_coastal"
2022-08-24,"94221289",14.6490885416667,"BC_coastal"
2022-08-25,"94221283",16.1901041666667,"BC_coastal"
2022-08-25,"94221284",13.802734375,"BC_coastal"
2022-08-25,"94221286",14.0358072916667,"BC_coastal"
2022-08-25,"94221288",15.4661458333333,"BC_coastal"
2022-08-25,"94221289",14.9153645833333,"BC_coastal"
2022-08-26,"94221284",12.7890625,"BC_coastal"
2022-08-26,"94221285",13.244140625,"BC_coastal"
2022-08-26,"94221286",13.650390625,"BC_coastal"
2022-08-26,"94221288",14.431640625,"BC_coastal"
2022-08-26,"94221289",14.7981770833333,"BC_coastal"
2022-08-27,"94221283",12.6282552083333,"BC_coastal"
2022-08-27,"94221284",11.0768229166667,"BC_coastal"
2022-08-27,"94221285",10.2994791666667,"BC_coastal"
2022-08-27,"94221286",12.3723958333333,"BC_coastal"
2022-08-27,"94221288",12.765625,"BC_coastal"
2022-08-28,"94221283",12.1595052083333,"BC_coastal"
2022-08-28,"94221284",10.677734375,"BC_coastal"
2022-08-28,"94221285",11.25,"BC_coastal"
2022-08-28,"94221286",12.1829427083333,"BC_coastal"
2022-08-28,"94221288",12.4908854166667,"BC_coastal"
2022-08-29,"94221283",13.224609375,"BC_coastal"
2022-08-29,"94221284",11.6302083333333,"BC_coastal"
2022-08-29,"94221286",13.0013020833333,"BC_coastal"
2022-08-29,"94221288",13.3522135416667,"BC_coastal"
2022-08-29,"94221289",13.5696614583333,"BC_coastal"
2022-08-30,"94221283",14.3072916666667,"BC_coastal"
2022-08-30,"94221284",12.505859375,"BC_coastal"
2022-08-30,"94221286",13.0611979166667,"BC_coastal"
2022-08-30,"94221288",14.0716145833333,"BC_coastal"
2022-08-30,"94221289",13.99609375,"BC_coastal"
2022-06-02,"94217206",0.123046875,"kluane"
2022-06-02,"94217209",-0.0625,"kluane"
2022-06-02,"94217210",0.0598958333333333,"kluane"
2022-06-02,"94217216",0,"kluane"
2022-06-02,"94217217",0.125,"kluane"
2022-06-03,"94217206",0.214192708333333,"kluane"
2022-06-03,"94217209",-0.0625,"kluane"
2022-06-03,"94217210",0.567057291666666,"kluane"
2022-06-03,"94217216",0,"kluane"
2022-06-03,"94217217",0.125,"kluane"
2022-06-04,"94217206",0.981119791666667,"kluane"
2022-06-04,"94217209",-0.0625,"kluane"
2022-06-04,"94217210",2.97200520833334,"kluane"
2022-06-04,"94217216",0,"kluane"
2022-06-04,"94217217",0.138671875,"kluane"
2022-06-05,"94217206",2.11653645833333,"kluane"
2022-06-05,"94217209",-0.0625,"kluane"
2022-06-05,"94217210",4.49153645833333,"kluane"
2022-06-05,"94217216",0.01953125,"kluane"
2022-06-05,"94217217",0.501953125,"kluane"
2022-06-06,"94217206",2.390625,"kluane"
2022-06-06,"94217209",-0.0625,"kluane"
2022-06-06,"94217210",5.45052083333333,"kluane"
2022-06-06,"94217216",0.559244791666666,"kluane"
2022-06-06,"94217217",1.86848958333333,"kluane"
2022-06-07,"94217206",2.78580729166667,"kluane"
2022-06-07,"94217209",-0.0618489583333333,"kluane"
2022-06-07,"94217210",6.04557291666667,"kluane"
2022-06-07,"94217216",2.31770833333333,"kluane"
2022-06-07,"94217217",2.34114583333333,"kluane"
2022-06-08,"94217206",2.79557291666667,"kluane"
2022-06-08,"94217209",0.826171875,"kluane"
2022-06-08,"94217210",5.28255208333333,"kluane"
2022-06-08,"94217216",2.53450520833333,"kluane"
2022-06-08,"94217217",2.771484375,"kluane"
2022-06-09,"94217206",3.18359375,"kluane"
2022-06-09,"94217209",3.13346354166666,"kluane"
2022-06-09,"94217210",5.35546875,"kluane"
2022-06-09,"94217216",3.05208333333333,"kluane"
2022-06-09,"94217217",2.80859375,"kluane"
2022-06-10,"94217206",2.88346354166667,"kluane"
2022-06-10,"94217209",3.205078125,"kluane"
2022-06-10,"94217210",4.76432291666667,"kluane"
2022-06-10,"94217216",3.68684895833333,"kluane"
2022-06-10,"94217217",3.21028645833334,"kluane"
2022-06-11,"94217206",2.376953125,"kluane"
2022-06-11,"94217209",3.07877604166667,"kluane"
2022-06-11,"94217210",3.76432291666667,"kluane"
2022-06-11,"94217216",2.62434895833334,"kluane"
2022-06-11,"94217217",2.49088541666667,"kluane"
2022-06-12,"94217206",3.13411458333333,"kluane"
2022-06-12,"94217209",4.095703125,"kluane"
2022-06-12,"94217210",4.78385416666667,"kluane"
2022-06-12,"94217216",3.42838541666666,"kluane"
2022-06-12,"94217217",2.541015625,"kluane"
2022-06-13,"94217206",1.853515625,"kluane"
2022-06-13,"94217209",1.68489583333333,"kluane"
2022-06-13,"94217210",2.24348958333333,"kluane"
2022-06-13,"94217216",2.46549479166667,"kluane"
2022-06-13,"94217217",2.52994791666667,"kluane"
2022-06-14,"94217206",2.080078125,"kluane"
2022-06-14,"94217209",3.75325520833333,"kluane"
2022-06-14,"94217210",3.82161458333333,"kluane"
2022-06-14,"94217216",3.54166666666667,"kluane"
2022-06-14,"94217217",3.47200520833333,"kluane"
2022-06-15,"94217206",1.890625,"kluane"
2022-06-15,"94217207",2.80598958333333,"kluane"
2022-06-15,"94217209",2.15169270833333,"kluane"
2022-06-15,"94217216",2.41341145833333,"kluane"
2022-06-15,"94217217",2.59049479166667,"kluane"
2022-06-16,"94217206",2.32291666666667,"kluane"
2022-06-16,"94217209",3.259765625,"kluane"
2022-06-16,"94217210",3.98697916666667,"kluane"
2022-06-16,"94217216",2.955078125,"kluane"
2022-06-16,"94217217",3.13020833333333,"kluane"
2022-06-17,"94217206",3.2578125,"kluane"
2022-06-17,"94217209",5.15234375,"kluane"
2022-06-17,"94217210",4.95377604166667,"kluane"
2022-06-17,"94217216",4.53580729166667,"kluane"
2022-06-17,"94217217",5.462890625,"kluane"
2022-06-18,"94217206",3.91927083333333,"kluane"
2022-06-18,"94217207",6.80533854166667,"kluane"
2022-06-18,"94217210",5.818359375,"kluane"
2022-06-18,"94217216",5.21875,"kluane"
2022-06-18,"94217217",5.21614583333333,"kluane"
2022-06-19,"94217206",4.93098958333333,"kluane"
2022-06-19,"94217207",7.96158854166667,"kluane"
2022-06-19,"94217210",7.44596354166667,"kluane"
2022-06-19,"94217216",6.85026041666667,"kluane"
2022-06-19,"94217217",7.15299479166667,"kluane"
2022-06-20,"94217206",6.45247395833333,"kluane"
2022-06-20,"94217207",10.2337239583333,"kluane"
2022-06-20,"94217210",9.59244791666667,"kluane"
2022-06-20,"94217216",8.30859375,"kluane"
2022-06-20,"94217217",9.33854166666667,"kluane"
2022-06-21,"94217206",6.29817708333333,"kluane"
2022-06-21,"94217207",9.54557291666667,"kluane"
2022-06-21,"94217210",9.28059895833333,"kluane"
2022-06-21,"94217216",7.84309895833333,"kluane"
2022-06-21,"94217217",9.58072916666667,"kluane"
2022-06-22,"94217206",6.87565104166667,"kluane"
2022-06-22,"94217207",10.3619791666667,"kluane"
2022-06-22,"94217210",9.470703125,"kluane"
2022-06-22,"94217216",8.63151041666667,"kluane"
2022-06-22,"94217217",10.6569010416667,"kluane"
2022-06-23,"94217206",7.15755208333333,"kluane"
2022-06-23,"94217207",10.4661458333333,"kluane"
2022-06-23,"94217210",9.921875,"kluane"
2022-06-23,"94217216",9.052734375,"kluane"
2022-06-23,"94217217",11.251953125,"kluane"
2022-06-24,"94217206",6.02278645833333,"kluane"
2022-06-24,"94217207",8.24348958333334,"kluane"
2022-06-24,"94217210",7.74869791666667,"kluane"
2022-06-24,"94217216",6.81966145833333,"kluane"
2022-06-24,"94217217",8.84244791666667,"kluane"
2022-06-25,"94217206",5.09375,"kluane"
2022-06-25,"94217207",6.57552083333333,"kluane"
2022-06-25,"94217210",6.56315104166667,"kluane"
2022-06-25,"94217216",6.04427083333333,"kluane"
2022-06-25,"94217217",6.80924479166667,"kluane"
2022-06-26,"94217206",4.37044270833333,"kluane"
2022-06-26,"94217207",5.56510416666667,"kluane"
2022-06-26,"94217208",6.19010416666667,"kluane"
2022-06-26,"94217210",5.60026041666667,"kluane"
2022-06-26,"94217216",5.29166666666667,"kluane"
2022-06-27,"94217206",4.88216145833333,"kluane"
2022-06-27,"94217208",7.30403645833333,"kluane"
2022-06-27,"94217210",6.5234375,"kluane"
2022-06-27,"94217216",6.24869791666667,"kluane"
2022-06-27,"94217217",7.02799479166667,"kluane"
2022-06-28,"94217206",5.9453125,"kluane"
2022-06-28,"94217207",8.15559895833333,"kluane"
2022-06-28,"94217210",8.08528645833333,"kluane"
2022-06-28,"94217216",7.19401041666667,"kluane"
2022-06-28,"94217217",7.98177083333333,"kluane"
2022-06-29,"94217206",5.412109375,"kluane"
2022-06-29,"94217207",8.30533854166667,"kluane"
2022-06-29,"94217210",8.10611979166667,"kluane"
2022-06-29,"94217216",7.74934895833333,"kluane"
2022-06-29,"94217217",7.34765625,"kluane"
2022-06-30,"94217206",4.34375,"kluane"
2022-06-30,"94217207",5.443359375,"kluane"
2022-06-30,"94217208",5.72916666666667,"kluane"
2022-06-30,"94217210",5.23828125,"kluane"
2022-06-30,"94217216",4.89973958333333,"kluane"
2022-07-01,"94217206",3.80338541666667,"kluane"
2022-07-01,"94217207",4.47395833333333,"kluane"
2022-07-01,"94217210",4.62630208333333,"kluane"
2022-07-01,"94217211",4.39908854166667,"kluane"
2022-07-01,"94217216",4.36197916666667,"kluane"
2022-07-02,"94217206",5.86067708333333,"kluane"
2022-07-02,"94217207",9.09440104166667,"kluane"
2022-07-02,"94217210",8.35546875,"kluane"
2022-07-02,"94217216",7.755859375,"kluane"
2022-07-02,"94217217",9.15234375,"kluane"
2022-07-03,"94217206",5.69466145833333,"kluane"
2022-07-03,"94217207",8.24544270833333,"kluane"
2022-07-03,"94217208",8.06966145833333,"kluane"
2022-07-03,"94217210",7.76692708333333,"kluane"
2022-07-03,"94217216",8.0546875,"kluane"
2022-07-04,"94217206",5.44270833333333,"kluane"
2022-07-04,"94217207",7.75911458333333,"kluane"
2022-07-04,"94217208",7.92057291666667,"kluane"
2022-07-04,"94217210",7.53841145833333,"kluane"
2022-07-04,"94217216",7.517578125,"kluane"
2022-07-05,"94217206",5.625,"kluane"
2022-07-05,"94217207",8.91666666666667,"kluane"
2022-07-05,"94217208",8.716796875,"kluane"
2022-07-05,"94217210",8.1796875,"kluane"
2022-07-05,"94217216",7.77408854166667,"kluane"
2022-07-06,"94217206",7.59830729166667,"kluane"
2022-07-06,"94217208",11.6002604166667,"kluane"
2022-07-06,"94217210",10.7610677083333,"kluane"
2022-07-06,"94217216",10.0423177083333,"kluane"
2022-07-06,"94217217",11.7076822916667,"kluane"
2022-07-07,"94217206",8.685546875,"kluane"
2022-07-07,"94217208",12.8404947916667,"kluane"
2022-07-07,"94217210",12.091796875,"kluane"
2022-07-07,"94217216",11.052734375,"kluane"
2022-07-07,"94217217",13.0260416666667,"kluane"
2022-07-08,"94217206",8.27604166666667,"kluane"
2022-07-08,"94217208",12.1861979166667,"kluane"
2022-07-08,"94217210",11.6360677083333,"kluane"
2022-07-08,"94217216",10.30078125,"kluane"
2022-07-08,"94217217",12.4739583333333,"kluane"
2022-07-09,"94217206",7.17513020833333,"kluane"
2022-07-09,"94217207",10.8125,"kluane"
2022-07-09,"94217208",9.92708333333334,"kluane"
2022-07-09,"94217210",9.986328125,"kluane"
2022-07-09,"94217216",8.99153645833333,"kluane"
2022-07-10,"94217206",6.75130208333333,"kluane"
2022-07-10,"94217207",9.99153645833333,"kluane"
2022-07-10,"94217208",9.26822916666666,"kluane"
2022-07-10,"94217210",9.21875,"kluane"
2022-07-10,"94217216",8.49348958333333,"kluane"
2022-07-11,"94217206",6.85872395833333,"kluane"
2022-07-11,"94217208",9.63671875,"kluane"
2022-07-11,"94217209",9.74609375,"kluane"
2022-07-11,"94217210",9.67708333333333,"kluane"
2022-07-11,"94217216",8.857421875,"kluane"
2022-07-12,"94217206",6.130859375,"kluane"
2022-07-12,"94217207",7.177734375,"kluane"
2022-07-12,"94217208",7.24934895833333,"kluane"
2022-07-12,"94217210",7.06119791666667,"kluane"
2022-07-12,"94217216",6.419921875,"kluane"
2022-07-13,"94217206",6.94205729166667,"kluane"
2022-07-13,"94217207",7.24739583333333,"kluane"
2022-07-13,"94217211",7.13216145833333,"kluane"
2022-07-13,"94217216",6.80924479166667,"kluane"
2022-07-13,"94217217",7.10416666666667,"kluane"
2022-07-14,"94217206",6.77734375,"kluane"
2022-07-14,"94217207",8.306640625,"kluane"
2022-07-14,"94217210",7.90104166666667,"kluane"
2022-07-14,"94217216",7.09505208333333,"kluane"
2022-07-14,"94217217",7.85221354166667,"kluane"
2022-07-15,"94217206",6.83919270833333,"kluane"
2022-07-15,"94217208",8.33723958333333,"kluane"
2022-07-15,"94217210",8.42252604166667,"kluane"
2022-07-15,"94217216",7.69791666666667,"kluane"
2022-07-15,"94217217",9.24674479166667,"kluane"
2022-07-16,"94217206",6.732421875,"kluane"
2022-07-16,"94217207",9.4296875,"kluane"
2022-07-16,"94217208",8.080078125,"kluane"
2022-07-16,"94217209",9.43424479166667,"kluane"
2022-07-16,"94217210",8.623046875,"kluane"
2022-07-17,"94217206",6.89322916666667,"kluane"
2022-07-17,"94217207",9.31380208333333,"kluane"
2022-07-17,"94217208",8.30208333333333,"kluane"
2022-07-17,"94217210",8.50716145833333,"kluane"
2022-07-17,"94217211",9.19466145833333,"kluane"
2022-07-18,"94217206",7.462890625,"kluane"
2022-07-18,"94217207",9.46940104166667,"kluane"
2022-07-18,"94217208",9.60611979166667,"kluane"
2022-07-18,"94217210",9.23502604166667,"kluane"
2022-07-18,"94217211",9.23567708333334,"kluane"
2022-07-19,"94217206",7.38411458333333,"kluane"
2022-07-19,"94217207",9.69986979166667,"kluane"
2022-07-19,"94217208",8.94075520833333,"kluane"
2022-07-19,"94217210",8.79622395833333,"kluane"
2022-07-19,"94217211",9.39973958333333,"kluane"
2022-07-20,"94217206",6.935546875,"kluane"
2022-07-20,"94217207",9.07161458333333,"kluane"
2022-07-20,"94217208",8.32552083333333,"kluane"
2022-07-20,"94217210",8.98046875,"kluane"
2022-07-20,"94217211",9.14713541666667,"kluane"
2022-07-21,"94217206",8.66861979166667,"kluane"
2022-07-21,"94217208",10.984375,"kluane"
2022-07-21,"94217209",10.6822916666667,"kluane"
2022-07-21,"94217210",10.6048177083333,"kluane"
2022-07-21,"94217211",10.6979166666667,"kluane"
2022-07-22,"94217206",9.1953125,"kluane"
2022-07-22,"94217207",11.3092447916667,"kluane"
2022-07-22,"94217209",11.48046875,"kluane"
2022-07-22,"94217210",10.7154947916667,"kluane"
2022-07-22,"94217211",10.9986979166667,"kluane"
2022-07-23,"94217206",9.23046875,"kluane"
2022-07-23,"94217207",10.6888020833333,"kluane"
2022-07-23,"94217208",10.623046875,"kluane"
2022-07-23,"94217209",10.8880208333333,"kluane"
2022-07-23,"94217210",10.3209635416667,"kluane"
2022-07-24,"94217206",9.64583333333333,"kluane"
2022-07-24,"94217207",10.8697916666667,"kluane"
2022-07-24,"94217208",11.115234375,"kluane"
2022-07-24,"94217210",11.0240885416667,"kluane"
2022-07-24,"94217211",10.759765625,"kluane"
2022-07-25,"94217206",8.841796875,"kluane"
2022-07-25,"94217207",9.39192708333333,"kluane"
2022-07-25,"94217208",9.13541666666667,"kluane"
2022-07-25,"94217210",9.5,"kluane"
2022-07-25,"94217211",9.40364583333333,"kluane"
2022-07-26,"94217206",9.32877604166667,"kluane"
2022-07-26,"94217207",11.2890625,"kluane"
2022-07-26,"94217208",10.7135416666667,"kluane"
2022-07-26,"94217210",10.6009114583333,"kluane"
2022-07-26,"94217217",11.2063802083333,"kluane"
2022-07-27,"94217206",9.45572916666667,"kluane"
2022-07-27,"94217207",11.2734375,"kluane"
2022-07-27,"94217208",10.6536458333333,"kluane"
2022-07-27,"94217210",10.755859375,"kluane"
2022-07-27,"94217217",11.17578125,"kluane"
2022-07-28,"94217206",9.85872395833333,"kluane"
2022-07-28,"94217207",12.0885416666667,"kluane"
2022-07-28,"94217208",10.9576822916667,"kluane"
2022-07-28,"94217210",11.5123697916667,"kluane"
2022-07-28,"94217217",12.3899739583333,"kluane"
2022-07-29,"94217206",9.80924479166667,"kluane"
2022-07-29,"94217207",11.8255208333333,"kluane"
2022-07-29,"94217208",10.4036458333333,"kluane"
2022-07-29,"94217210",11.3795572916667,"kluane"
2022-07-29,"94217217",12.3046875,"kluane"
2022-07-30,"94217206",9.70572916666667,"kluane"
2022-07-30,"94217207",11.1731770833333,"kluane"
2022-07-30,"94217208",9.97591145833333,"kluane"
2022-07-30,"94217210",10.8938802083333,"kluane"
2022-07-30,"94217211",11.296875,"kluane"
2022-07-31,"94217206",9.69466145833333,"kluane"
2022-07-31,"94217207",10.2395833333333,"kluane"
2022-07-31,"94217208",10.1334635416667,"kluane"
2022-07-31,"94217210",10.3040364583333,"kluane"
2022-07-31,"94217217",10.5084635416667,"kluane"
2022-08-01,"94217206",9.84114583333333,"kluane"
2022-08-01,"94217207",11.4869791666667,"kluane"
2022-08-01,"94217208",10.591796875,"kluane"
2022-08-01,"94217210",10.9544270833333,"kluane"
2022-08-01,"94217211",11.2311197916667,"kluane"
2022-08-02,"94217206",9.22005208333333,"kluane"
2022-08-02,"94217207",9.93229166666666,"kluane"
2022-08-02,"94217208",9.16015625,"kluane"
2022-08-02,"94217210",9.55533854166667,"kluane"
2022-08-02,"94217217",9.42447916666667,"kluane"
2022-08-03,"94217206",9.47916666666667,"kluane"
2022-08-03,"94217207",11.1510416666667,"kluane"
2022-08-03,"94217208",9.51302083333333,"kluane"
2022-08-03,"94217210",10.4069010416667,"kluane"
2022-08-03,"94217217",11.03125,"kluane"
2022-08-04,"94217206",9.76432291666667,"kluane"
2022-08-04,"94217207",11.5442708333333,"kluane"
2022-08-04,"94217208",10.2630208333333,"kluane"
2022-08-04,"94217210",11.0305989583333,"kluane"
2022-08-04,"94217217",11.9694010416667,"kluane"
2022-08-05,"94217206",9.06575520833333,"kluane"
2022-08-05,"94217207",10.5631510416667,"kluane"
2022-08-05,"94217208",8.69661458333333,"kluane"
2022-08-05,"94217209",10.7858072916667,"kluane"
2022-08-05,"94217210",10.140625,"kluane"
2022-08-06,"94217206",9.65950520833333,"kluane"
2022-08-06,"94217207",11.7037760416667,"kluane"
2022-08-06,"94217208",10.1940104166667,"kluane"
2022-08-06,"94217210",10.9173177083333,"kluane"
2022-08-06,"94217217",11.751953125,"kluane"
2022-08-07,"94217206",9.021484375,"kluane"
2022-08-07,"94217208",8.81119791666667,"kluane"
2022-08-07,"94217210",9.5703125,"kluane"
2022-08-07,"94217216",9.56705729166667,"kluane"
2022-08-07,"94217217",9.17903645833333,"kluane"
2022-08-08,"94217207",8.1328125,"kluane"
2022-08-08,"94217208",7.94140625,"kluane"
2022-08-08,"94217211",8.5,"kluane"
2022-08-08,"94217216",7.96354166666667,"kluane"
2022-08-08,"94217217",8.26236979166667,"kluane"
2022-08-09,"94217207",7.4453125,"kluane"
2022-08-09,"94217208",6.580078125,"kluane"
2022-08-09,"94217210",7.67708333333333,"kluane"
2022-08-09,"94217216",7.62825520833333,"kluane"
2022-08-09,"94217217",7.47916666666667,"kluane"
2022-08-10,"94217206",7.736328125,"kluane"
2022-08-10,"94217207",7.36393229166667,"kluane"
2022-08-10,"94217208",6.26106770833333,"kluane"
2022-08-10,"94217210",7.63997395833333,"kluane"
2022-08-10,"94217216",7.833984375,"kluane"
2022-08-11,"94217206",7.22395833333333,"kluane"
2022-08-11,"94217207",7.26432291666667,"kluane"
2022-08-11,"94217208",5.572265625,"kluane"
2022-08-11,"94217210",7.27083333333333,"kluane"
2022-08-11,"94217217",7.30013020833333,"kluane"
2022-08-12,"94217206",6.98502604166667,"kluane"
2022-08-12,"94217208",6.21744791666667,"kluane"
2022-08-12,"94217210",7.12434895833333,"kluane"
2022-08-12,"94217216",6.806640625,"kluane"
2022-08-12,"94217217",6.80729166666667,"kluane"
2022-08-13,"94217207",6.66927083333333,"kluane"
2022-08-13,"94217208",6.04296875,"kluane"
2022-08-13,"94217211",6.6796875,"kluane"
2022-08-13,"94217216",5.59635416666667,"kluane"
2022-08-13,"94217217",6.22135416666667,"kluane"
2022-08-14,"94217207",4.75911458333333,"kluane"
2022-08-14,"94217208",3.5078125,"kluane"
2022-08-14,"94217209",4.86848958333333,"kluane"
2022-08-14,"94217211",5.44010416666667,"kluane"
2022-08-14,"94217216",5.46940104166667,"kluane"
2022-08-15,"94217206",6.67903645833333,"kluane"
2022-08-15,"94217207",6.693359375,"kluane"
2022-08-15,"94217208",5.70768229166667,"kluane"
2022-08-15,"94217210",6.75846354166667,"kluane"
2022-08-15,"94217217",6.85872395833333,"kluane"
2022-08-16,"94217206",6.78255208333333,"kluane"
2022-08-16,"94217208",6.328125,"kluane"
2022-08-16,"94217209",7.81184895833333,"kluane"
2022-08-16,"94217210",7.462890625,"kluane"
2022-08-16,"94217211",7.65169270833333,"kluane"
2022-08-17,"94217207",3.97135416666667,"kluane"
2022-08-17,"94217208",3.35481770833333,"kluane"
2022-08-17,"94217211",4.271484375,"kluane"
2022-08-17,"94217216",3.31640625,"kluane"
2022-08-17,"94217217",3.80208333333333,"kluane"
2022-08-18,"94217206",5.64908854166667,"kluane"
2022-08-18,"94217207",6.30924479166667,"kluane"
2022-08-18,"94217208",4.72265625,"kluane"
2022-08-18,"94217210",6.0078125,"kluane"
2022-08-18,"94217217",5.97786458333333,"kluane"
2022-08-19,"94217206",5.71614583333333,"kluane"
2022-08-19,"94217207",6.55338541666667,"kluane"
2022-08-19,"94217208",4.47200520833333,"kluane"
2022-08-19,"94217210",6.1640625,"kluane"
2022-08-19,"94217217",6.58528645833333,"kluane"
2022-08-20,"94217206",6.431640625,"kluane"
2022-08-20,"94217207",7.82291666666667,"kluane"
2022-08-20,"94217208",6.18294270833333,"kluane"
2022-08-20,"94217210",7.19856770833333,"kluane"
2022-08-20,"94217217",7.52734375,"kluane"
2022-08-21,"94217206",6.46354166666667,"kluane"
2022-08-21,"94217207",8.00260416666667,"kluane"
2022-08-21,"94217208",5.71223958333333,"kluane"
2022-08-21,"94217210",7.04036458333333,"kluane"
2022-08-21,"94217217",7.66927083333333,"kluane"
2022-08-22,"94217206",5.16225961538461,"kluane"
2022-08-22,"94217207",4.16037735849057,"kluane"
2022-08-22,"94217208",1.70588235294118,"kluane"
2022-08-22,"94217209",4.43526785714286,"kluane"
2022-08-22,"94217210",4.78522727272727,"kluane"
2022-06-02,"94213641",4.19661458333333,"toolik"
2022-06-02,"94213642",4.38736979166667,"toolik"
2022-06-02,"94213643",3.87825520833333,"toolik"
2022-06-02,"94213644",3.50260416666667,"toolik"
2022-06-02,"94213648",17.5442708333333,"toolik"
2022-06-03,"94213641",5.87760416666667,"toolik"
2022-06-03,"94213642",6.46614583333333,"toolik"
2022-06-03,"94213643",5.51171875,"toolik"
2022-06-03,"94213644",5.4609375,"toolik"
2022-06-03,"94213648",17.796875,"toolik"
2022-06-04,"94213641",5.12239583333333,"toolik"
2022-06-04,"94213642",5.609375,"toolik"
2022-06-04,"94213643",4.91341145833333,"toolik"
2022-06-04,"94213644",4.17838541666667,"toolik"
2022-06-04,"94213648",19.2161458333333,"toolik"
2022-06-05,"94213641",2.875,"toolik"
2022-06-05,"94213642",3.7578125,"toolik"
2022-06-05,"94213643",2.50520833333333,"toolik"
2022-06-05,"94213644",2.45833333333333,"toolik"
2022-06-05,"94213648",19.2467447916667,"toolik"
2022-06-06,"94213641",2.88736979166667,"toolik"
2022-06-06,"94213642",3.77018229166667,"toolik"
2022-06-06,"94213643",2.55403645833333,"toolik"
2022-06-06,"94213644",2.521484375,"toolik"
2022-06-06,"94213648",19.32421875,"toolik"
2022-06-07,"94213641",2.32486979166667,"toolik"
2022-06-07,"94213642",2.818359375,"toolik"
2022-06-07,"94213643",1.7421875,"toolik"
2022-06-07,"94213644",1.77669270833333,"toolik"
2022-06-07,"94213648",18.955078125,"toolik"
2022-06-08,"94213641",2.21223958333333,"toolik"
2022-06-08,"94213642",3.03971354166667,"toolik"
2022-06-08,"94213643",1.69205729166667,"toolik"
2022-06-08,"94213644",1.82747395833334,"toolik"
2022-06-08,"94213648",12.3125,"toolik"
2022-06-09,"94213641",3.22200520833333,"toolik"
2022-06-09,"94213642",2.6484375,"toolik"
2022-06-09,"94213643",2.75325520833333,"toolik"
2022-06-09,"94213644",1.97395833333334,"toolik"
2022-06-09,"94213648",4.46028645833333,"toolik"
2022-06-10,"94213641",0.180989583333333,"toolik"
2022-06-10,"94213642",0.569661458333333,"toolik"
2022-06-10,"94213643",-0.0169270833333336,"toolik"
2022-06-10,"94213644",0.169270833333333,"toolik"
2022-06-10,"94213648",-0.208333333333333,"toolik"
2022-06-11,"94213641",2.55078125,"toolik"
2022-06-11,"94213642",2.78385416666667,"toolik"
2022-06-11,"94213643",2.037109375,"toolik"
2022-06-11,"94213644",1.91276041666666,"toolik"
2022-06-11,"94213648",2.505859375,"toolik"
2022-06-12,"94213641",5.158203125,"toolik"
2022-06-12,"94213642",5.19205729166667,"toolik"
2022-06-12,"94213643",4.822265625,"toolik"
2022-06-12,"94213644",3.93294270833334,"toolik"
2022-06-12,"94213648",6.64908854166667,"toolik"
2022-06-13,"94213641",8.43098958333333,"toolik"
2022-06-13,"94213642",7.064453125,"toolik"
2022-06-13,"94213643",8.65364583333333,"toolik"
2022-06-13,"94213644",6.251953125,"toolik"
2022-06-13,"94213648",12.1744791666667,"toolik"
2022-06-14,"94213641",8.87109375,"toolik"
2022-06-14,"94213642",8.31119791666667,"toolik"
2022-06-14,"94213643",9.90625,"toolik"
2022-06-14,"94213644",6.99674479166667,"toolik"
2022-06-14,"94213648",12.9114583333333,"toolik"
2022-06-15,"94213641",8.23567708333333,"toolik"
2022-06-15,"94213642",8.11002604166667,"toolik"
2022-06-15,"94213643",9.38932291666667,"toolik"
2022-06-15,"94213644",6.53515625,"toolik"
2022-06-15,"94213648",11.0247395833333,"toolik"
2022-06-16,"94213641",8.92252604166667,"toolik"
2022-06-16,"94213642",8.81315104166667,"toolik"
2022-06-16,"94213643",10.6588541666667,"toolik"
2022-06-16,"94213644",7.11783854166667,"toolik"
2022-06-16,"94213648",12.3782552083333,"toolik"
2022-06-17,"94213641",9.12109375,"toolik"
2022-06-17,"94213642",9.38411458333333,"toolik"
2022-06-17,"94213643",11.9453125,"toolik"
2022-06-17,"94213644",7.40885416666667,"toolik"
2022-06-17,"94213648",13.8118489583333,"toolik"
2022-06-18,"94213641",6.64908854166667,"toolik"
2022-06-18,"94213642",7.46614583333333,"toolik"
2022-06-18,"94213643",8.25325520833333,"toolik"
2022-06-18,"94213644",6.052734375,"toolik"
2022-06-18,"94213648",9.060546875,"toolik"
2022-06-19,"94213641",8.91276041666667,"toolik"
2022-06-19,"94213642",9.87565104166667,"toolik"
2022-06-19,"94213643",11.9075520833333,"toolik"
2022-06-19,"94213644",7.88932291666667,"toolik"
2022-06-19,"94213648",14.1315104166667,"toolik"
2022-06-20,"94213641",11.349609375,"toolik"
2022-06-20,"94213642",11.5631510416667,"toolik"
2022-06-20,"94213643",15.23046875,"toolik"
2022-06-20,"94213644",9.49869791666667,"toolik"
2022-06-20,"94213648",16.9342447916667,"toolik"
2022-06-21,"94213641",9.85807291666667,"toolik"
2022-06-21,"94213642",9.57356770833334,"toolik"
2022-06-21,"94213643",12.4134114583333,"toolik"
2022-06-21,"94213644",7.958984375,"toolik"
2022-06-21,"94213648",13.4993489583333,"toolik"
2022-06-22,"94213641",9.39778645833333,"toolik"
2022-06-22,"94213642",8.82421875,"toolik"
2022-06-22,"94213643",11.703125,"toolik"
2022-06-22,"94213644",7.7109375,"toolik"
2022-06-22,"94213648",12.4381510416667,"toolik"
2022-06-23,"94213641",7.80859375,"toolik"
2022-06-23,"94213642",8.06119791666667,"toolik"
2022-06-23,"94213643",8.669921875,"toolik"
2022-06-23,"94213644",6.69140625,"toolik"
2022-06-23,"94213648",9.28190104166667,"toolik"
2022-06-24,"94213641",8.11263020833333,"toolik"
2022-06-24,"94213642",9.22526041666667,"toolik"
2022-06-24,"94213643",10.2838541666667,"toolik"
2022-06-24,"94213644",7.8046875,"toolik"
2022-06-24,"94213648",10.8268229166667,"toolik"
2022-06-25,"94213641",11.31640625,"toolik"
2022-06-25,"94213642",12.0149739583333,"toolik"
2022-06-25,"94213643",16.0768229166667,"toolik"
2022-06-25,"94213644",10.595703125,"toolik"
2022-06-25,"94213648",17.4765625,"toolik"
2022-06-26,"94213641",11.1783854166667,"toolik"
2022-06-26,"94213642",11.28125,"toolik"
2022-06-26,"94213643",15.509765625,"toolik"
2022-06-26,"94213644",10.3235677083333,"toolik"
2022-06-26,"94213648",16.1692708333333,"toolik"
2022-06-27,"94213641",11.595703125,"toolik"
2022-06-27,"94213642",11.8092447916667,"toolik"
2022-06-27,"94213643",15.876953125,"toolik"
2022-06-27,"94213644",10.888671875,"toolik"
2022-06-27,"94213648",16.6236979166667,"toolik"
2022-06-28,"94213641",8.58333333333333,"toolik"
2022-06-28,"94213642",8.54166666666667,"toolik"
2022-06-28,"94213643",9.423828125,"toolik"
2022-06-28,"94213644",7.5078125,"toolik"
2022-06-28,"94213648",10.0078125,"toolik"
2022-06-29,"94213641",11.5983072916667,"toolik"
2022-06-29,"94213642",11.7428385416667,"toolik"
2022-06-29,"94213643",14.3541666666667,"toolik"
2022-06-29,"94213644",10.2376302083333,"toolik"
2022-06-29,"94213648",15.86328125,"toolik"
2022-06-30,"94213641",13.84765625,"toolik"
2022-06-30,"94213642",14.3912760416667,"toolik"
2022-06-30,"94213643",17.0338541666667,"toolik"
2022-06-30,"94213644",12.4895833333333,"toolik"
2022-06-30,"94213648",17.9459635416667,"toolik"
2022-07-01,"94213641",13.5611979166667,"toolik"
2022-07-01,"94213642",13.416015625,"toolik"
2022-07-01,"94213643",16.6751302083333,"toolik"
2022-07-01,"94213644",12.21484375,"toolik"
2022-07-01,"94213648",17.7884114583333,"toolik"
2022-07-02,"94213641",13.546875,"toolik"
2022-07-02,"94213642",12.974609375,"toolik"
2022-07-02,"94213643",16.2421875,"toolik"
2022-07-02,"94213644",11.8287760416667,"toolik"
2022-07-02,"94213648",17.265625,"toolik"
2022-07-03,"94213641",13.708984375,"toolik"
2022-07-03,"94213642",13.1438802083333,"toolik"
2022-07-03,"94213643",15.9602864583333,"toolik"
2022-07-03,"94213644",12.095703125,"toolik"
2022-07-03,"94213648",16.8561197916667,"toolik"
2022-07-04,"94213641",13.4860372340426,"toolik"
2022-07-04,"94213642",14.091447368421,"toolik"
2022-07-04,"94213643",12.8098684210526,"toolik"
2022-07-04,"94213644",12.975,"toolik"
2022-07-04,"94213648",15.4244791666667,"toolik"
2022-07-05,"94213641",12.9602864583333,"toolik"
2022-07-05,"94213642",13.208984375,"toolik"
2022-07-05,"94213643",10.4205729166667,"toolik"
2022-07-05,"94213644",12.5618489583333,"toolik"
2022-07-05,"94213648",13.9322916666667,"toolik"
2022-07-06,"94213641",14.0755208333333,"toolik"
2022-07-06,"94213642",13.3404947916667,"toolik"
2022-07-06,"94213643",10.8723958333333,"toolik"
2022-07-06,"94213644",12.8118489583333,"toolik"
2022-07-06,"94213648",14.3541666666667,"toolik"
2022-07-07,"94213641",13.5598958333333,"toolik"
2022-07-07,"94213642",12.443359375,"toolik"
2022-07-07,"94213643",10.5859375,"toolik"
2022-07-07,"94213644",12.1236979166667,"toolik"
2022-07-07,"94213648",13.4921875,"toolik"
2022-07-08,"94213641",13.845703125,"toolik"
2022-07-08,"94213642",13.2369791666667,"toolik"
2022-07-08,"94213643",10.7845052083333,"toolik"
2022-07-08,"94213644",12.7864583333333,"toolik"
2022-07-08,"94213648",14.099609375,"toolik"
2022-07-09,"94213641",13.6842447916667,"toolik"
2022-07-09,"94213642",13.8515625,"toolik"
2022-07-09,"94213643",11.1901041666667,"toolik"
2022-07-09,"94213644",13.4921875,"toolik"
2022-07-09,"94213648",14.94921875,"toolik"
2022-07-10,"94213641",14.69140625,"toolik"
2022-07-10,"94213642",14.2272135416667,"toolik"
2022-07-10,"94213643",11.4934895833333,"toolik"
2022-07-10,"94213644",13.8151041666667,"toolik"
2022-07-10,"94213648",15.3391927083333,"toolik"
2022-07-11,"94213641",12.1549479166667,"toolik"
2022-07-11,"94213642",11.369140625,"toolik"
2022-07-11,"94213643",9.169921875,"toolik"
2022-07-11,"94213644",11.0546875,"toolik"
2022-07-11,"94213648",12.1705729166667,"toolik"
2022-07-12,"94213641",6.998046875,"toolik"
2022-07-12,"94213642",6.57096354166667,"toolik"
2022-07-12,"94213643",5.44270833333333,"toolik"
2022-07-12,"94213644",6.689453125,"toolik"
2022-07-12,"94213648",6.66861979166667,"toolik"
2022-07-13,"94213641",0.623046875,"toolik"
2022-07-13,"94213642",0.567057291666666,"toolik"
2022-07-13,"94213643",0.522786458333333,"toolik"
2022-07-13,"94213644",0.830078125,"toolik"
2022-07-13,"94213648",0.300130208333334,"toolik"
2022-07-14,"94213641",1.82291666666667,"toolik"
2022-07-14,"94213642",1.81770833333333,"toolik"
2022-07-14,"94213643",0.87890625,"toolik"
2022-07-14,"94213644",1.69791666666667,"toolik"
2022-07-14,"94213648",2.02799479166667,"toolik"
2022-07-15,"94213641",6.392578125,"toolik"
2022-07-15,"94213642",6.72200520833333,"toolik"
2022-07-15,"94213643",4.88932291666667,"toolik"
2022-07-15,"94213644",6.283203125,"toolik"
2022-07-15,"94213648",7.62239583333333,"toolik"
2022-07-16,"94213641",6.81119791666667,"toolik"
2022-07-16,"94213642",7.01106770833333,"toolik"
2022-07-16,"94213643",5.80794270833333,"toolik"
2022-07-16,"94213644",6.74609375,"toolik"
2022-07-16,"94213648",7.80794270833333,"toolik"
2022-07-17,"94213642",9.15234375,"toolik"
2022-07-17,"94213643",7.7734375,"toolik"
2022-07-17,"94213644",8.91927083333334,"toolik"
2022-07-17,"94213646",8.94401041666666,"toolik"
2022-07-17,"94213647",8.123046875,"toolik"
2022-07-18,"94213642",7.90559895833333,"toolik"
2022-07-18,"94213643",7.13020833333333,"toolik"
2022-07-18,"94213644",7.99674479166667,"toolik"
2022-07-18,"94213646",7.55528846153846,"toolik"
2022-07-18,"94213647",7.14150943396227,"toolik"
2022-07-19,"94213641",6.125,"toolik"
2022-07-19,"94213642",5.8515625,"toolik"
2022-07-19,"94213643",5.24609375,"toolik"
2022-07-19,"94213644",5.99088541666667,"toolik"
2022-07-19,"94213648",6.26432291666667,"toolik"
2022-07-20,"94213641",9.95963541666667,"toolik"
2022-07-20,"94213642",9.37565104166667,"toolik"
2022-07-20,"94213643",7.837890625,"toolik"
2022-07-20,"94213644",8.80403645833333,"toolik"
2022-07-20,"94213648",10.9153645833333,"toolik"
2022-07-21,"94213641",9.28255208333333,"toolik"
2022-07-21,"94213642",8.07942708333333,"toolik"
2022-07-21,"94213643",7.24153645833333,"toolik"
2022-07-21,"94213644",8.01302083333333,"toolik"
2022-07-21,"94213648",9.32747395833333,"toolik"
2022-07-22,"94213641",8.5625,"toolik"
2022-07-22,"94213642",7.96223958333333,"toolik"
2022-07-22,"94213643",6.60416666666667,"toolik"
2022-07-22,"94213644",7.59700520833333,"toolik"
2022-07-22,"94213648",8.42643229166667,"toolik"
2022-07-23,"94213641",7.466796875,"toolik"
2022-07-23,"94213642",7.27473958333333,"toolik"
2022-07-23,"94213643",6.01692708333333,"toolik"
2022-07-23,"94213644",7.22786458333333,"toolik"
2022-07-23,"94213648",7.7578125,"toolik"
2022-07-24,"94213641",8.240234375,"toolik"
2022-07-24,"94213642",8.89388020833333,"toolik"
2022-07-24,"94213643",6.994140625,"toolik"
2022-07-24,"94213644",8.552734375,"toolik"
2022-07-24,"94213648",9.103515625,"toolik"
2022-07-25,"94213641",9.48763020833333,"toolik"
2022-07-25,"94213642",8.552734375,"toolik"
2022-07-25,"94213643",8.18033854166667,"toolik"
2022-07-25,"94213644",8.90559895833333,"toolik"
2022-07-25,"94213648",10.1432291666667,"toolik"
2022-07-26,"94213641",6.251953125,"toolik"
2022-07-26,"94213642",6.75520833333333,"toolik"
2022-07-26,"94213643",5.9453125,"toolik"
2022-07-26,"94213644",6.59765625,"toolik"
2022-07-26,"94213648",6.99869791666667,"toolik"
2022-07-27,"94213641",3.29947916666667,"toolik"
2022-07-27,"94213642",3.52473958333333,"toolik"
2022-07-27,"94213643",3.21875,"toolik"
2022-07-27,"94213644",3.59830729166667,"toolik"
2022-07-27,"94213648",3.71875,"toolik"
2022-07-28,"94213641",1.69010416666667,"toolik"
2022-07-28,"94213642",1.61458333333333,"toolik"
2022-07-28,"94213643",1.65234375,"toolik"
2022-07-28,"94213644",1.857421875,"toolik"
2022-07-28,"94213648",1.83854166666667,"toolik"
2022-07-29,"94213641",3.60872395833333,"toolik"
2022-07-29,"94213642",3.93489583333334,"toolik"
2022-07-29,"94213643",3.29296875,"toolik"
2022-07-29,"94213644",3.80989583333333,"toolik"
2022-07-29,"94213648",4.51953125,"toolik"
2022-07-30,"94213641",7.330078125,"toolik"
2022-07-30,"94213642",8.314453125,"toolik"
2022-07-30,"94213643",6.291015625,"toolik"
2022-07-30,"94213644",7.48307291666667,"toolik"
2022-07-30,"94213648",8.18033854166667,"toolik"
2022-07-31,"94213641",6.384765625,"toolik"
2022-07-31,"94213642",6.68229166666667,"toolik"
2022-07-31,"94213643",5.42447916666667,"toolik"
2022-07-31,"94213644",6.66080729166667,"toolik"
2022-07-31,"94213648",6.93229166666667,"toolik"
2022-08-01,"94213641",5.11328125,"toolik"
2022-08-01,"94213642",5.224609375,"toolik"
2022-08-01,"94213643",4.39973958333333,"toolik"
2022-08-01,"94213644",5.36653645833333,"toolik"
2022-08-01,"94213648",5.50455729166667,"toolik"
2022-08-02,"94213641",8.54036458333333,"toolik"
2022-08-02,"94213642",8.978515625,"toolik"
2022-08-02,"94213643",7.009765625,"toolik"
2022-08-02,"94213644",8.193359375,"toolik"
2022-08-02,"94213648",8.974609375,"toolik"
2022-08-03,"94213641",9.92447916666667,"toolik"
2022-08-03,"94213642",10.3059895833333,"toolik"
2022-08-03,"94213643",8.34765625,"toolik"
2022-08-03,"94213644",9.59830729166667,"toolik"
2022-08-03,"94213648",10.91015625,"toolik"
2022-08-04,"94213641",10.2688802083333,"toolik"
2022-08-04,"94213642",10.3229166666667,"toolik"
2022-08-04,"94213643",8.90755208333333,"toolik"
2022-08-04,"94213644",10.0794270833333,"toolik"
2022-08-04,"94213648",11.2044270833333,"toolik"
2022-08-05,"94213641",7.83984375,"toolik"
2022-08-05,"94213642",7.802734375,"toolik"
2022-08-05,"94213643",6.513671875,"toolik"
2022-08-05,"94213644",7.71223958333333,"toolik"
2022-08-05,"94213648",8.00911458333334,"toolik"
2022-08-06,"94213641",4.66927083333333,"toolik"
2022-08-06,"94213642",4.82877604166667,"toolik"
2022-08-06,"94213643",4.02994791666667,"toolik"
2022-08-06,"94213644",5.06575520833333,"toolik"
2022-08-06,"94213648",4.86393229166667,"toolik"
2022-08-07,"94213641",4.08723958333333,"toolik"
2022-08-07,"94213642",4.83723958333333,"toolik"
2022-08-07,"94213643",3.82291666666667,"toolik"
2022-08-07,"94213644",4.55338541666667,"toolik"
2022-08-07,"94213648",4.982421875,"toolik"
2022-08-08,"94213641",5.59505208333333,"toolik"
2022-08-08,"94213642",5.88736979166667,"toolik"
2022-08-08,"94213643",5.25325520833333,"toolik"
2022-08-08,"94213644",5.73893229166667,"toolik"
2022-08-08,"94213648",6.46744791666667,"toolik"
2022-08-09,"94213641",3.27278645833333,"toolik"
2022-08-09,"94213642",3.22005208333333,"toolik"
2022-08-09,"94213643",2.94466145833333,"toolik"
2022-08-09,"94213644",3.36653645833333,"toolik"
2022-08-09,"94213648",3.68619791666667,"toolik"
2022-08-10,"94213641",6.92252604166667,"toolik"
2022-08-10,"94213642",6.74283854166667,"toolik"
2022-08-10,"94213643",6.00455729166667,"toolik"
2022-08-10,"94213644",6.201171875,"toolik"
2022-08-10,"94213648",7.21875,"toolik"
2022-08-11,"94213641",8.35481770833333,"toolik"
2022-08-11,"94213642",8.931640625,"toolik"
2022-08-11,"94213643",7.03841145833333,"toolik"
2022-08-11,"94213644",8.19791666666667,"toolik"
2022-08-11,"94213648",8.80989583333333,"toolik"
2022-08-12,"94213641",9.46809895833333,"toolik"
2022-08-12,"94213642",9.333984375,"toolik"
2022-08-12,"94213643",7.84700520833333,"toolik"
2022-08-12,"94213644",8.921875,"toolik"
2022-08-12,"94213648",10.1608072916667,"toolik"
2022-08-13,"94213641",5.12369791666667,"toolik"
2022-08-13,"94213642",5.25,"toolik"
2022-08-13,"94213643",4.28645833333333,"toolik"
2022-08-13,"94213644",5.36067708333333,"toolik"
2022-08-13,"94213648",5.13541666666667,"toolik"
2022-08-14,"94213641",2.60546875,"toolik"
2022-08-14,"94213642",2.59830729166667,"toolik"
2022-08-14,"94213643",2.21484375,"toolik"
2022-08-14,"94213644",2.84375,"toolik"
2022-08-14,"94213648",2.775390625,"toolik"
2022-08-15,"94213641",3.18619791666667,"toolik"
2022-08-15,"94213642",3.04036458333333,"toolik"
2022-08-15,"94213643",2.54947916666667,"toolik"
2022-08-15,"94213644",3.056640625,"toolik"
2022-08-15,"94213648",3.23958333333333,"toolik"
2022-08-16,"94213641",4.28580729166667,"toolik"
2022-08-16,"94213642",4.498046875,"toolik"
2022-08-16,"94213643",3.43880208333334,"toolik"
2022-08-16,"94213644",4.32682291666667,"toolik"
2022-08-16,"94213648",4.36979166666667,"toolik"
2022-08-17,"94213641",3.18098958333333,"toolik"
2022-08-17,"94213642",3.23502604166667,"toolik"
2022-08-17,"94213643",2.658203125,"toolik"
2022-08-17,"94213644",3.39583333333333,"toolik"
2022-08-17,"94213648",3.37239583333333,"toolik"
2022-08-18,"94213641",3.92513020833333,"toolik"
2022-08-18,"94213642",3.65690104166667,"toolik"
2022-08-18,"94213643",3.15234375,"toolik"
2022-08-18,"94213644",3.48828125,"toolik"
2022-08-18,"94213648",4.11328125,"toolik"
2022-08-19,"94213641",4.50325520833333,"toolik"
2022-08-19,"94213642",4.55794270833333,"toolik"
2022-08-19,"94213643",3.73567708333333,"toolik"
2022-08-19,"94213644",4.478515625,"toolik"
2022-08-19,"94213648",4.81966145833333,"toolik"
2022-08-20,"94213641",3.43815104166667,"toolik"
2022-08-20,"94213642",3.62565104166667,"toolik"
2022-08-20,"94213643",2.83072916666667,"toolik"
2022-08-20,"94213644",3.58919270833333,"toolik"
2022-08-20,"94213648",3.61848958333333,"toolik"
2022-08-21,"94213641",2.69010416666667,"toolik"
2022-08-21,"94213642",3.00325520833333,"toolik"
2022-08-21,"94213643",2.3046875,"toolik"
2022-08-21,"94213644",3.06770833333333,"toolik"
2022-08-21,"94213648",2.86458333333333,"toolik"
2022-08-22,"94213641",6.44791666666667,"toolik"
2022-08-22,"94213642",6.32942708333333,"toolik"
2022-08-22,"94213643",5.35091145833333,"toolik"
2022-08-22,"94213644",5.8125,"toolik"
2022-08-22,"94213648",6.494140625,"toolik"
2022-08-23,"94213641",8.59049479166667,"toolik"
2022-08-23,"94213642",8.47265625,"toolik"
2022-08-23,"94213643",7.310546875,"toolik"
2022-08-23,"94213644",8.35026041666667,"toolik"
2022-08-23,"94213648",8.96158854166667,"toolik"
2022-08-24,"94213641",8.494140625,"toolik"
2022-08-24,"94213642",8.529296875,"toolik"
2022-08-24,"94213643",7.48697916666667,"toolik"
2022-08-24,"94213644",8.30989583333334,"toolik"
2022-08-24,"94213648",8.95572916666667,"toolik"
2022-08-25,"94213641",7.20833333333333,"toolik"
2022-08-25,"94213642",6.78580729166667,"toolik"
2022-08-25,"94213643",6.22200520833333,"toolik"
2022-08-25,"94213644",6.72395833333333,"toolik"
2022-08-25,"94213648",7.51236979166667,"toolik"
2022-08-26,"94213641",8.5546875,"toolik"
2022-08-26,"94213642",8.07747395833333,"toolik"
2022-08-26,"94213643",7.28841145833333,"toolik"
2022-08-26,"94213644",8.04166666666667,"toolik"
2022-08-26,"94213648",9.0234375,"toolik"
2022-08-27,"94213641",7.26236979166667,"toolik"
2022-08-27,"94213642",7.22330729166667,"toolik"
2022-08-27,"94213643",6.041015625,"toolik"
2022-08-27,"94213644",7.072265625,"toolik"
2022-08-27,"94213648",7.568359375,"toolik"
2022-08-28,"94213641",4.04752604166667,"toolik"
2022-08-28,"94213642",4.11002604166667,"toolik"
2022-08-28,"94213643",3.46354166666667,"toolik"
2022-08-28,"94213644",4.21354166666667,"toolik"
2022-08-28,"94213648",4.15625,"toolik"
2022-08-29,"94213641",3.92643229166666,"toolik"
2022-08-29,"94213642",3.87174479166667,"toolik"
2022-08-29,"94213643",3.21809895833333,"toolik"
2022-08-29,"94213644",3.82747395833333,"toolik"
2022-08-29,"94213648",4.171875,"toolik"
2022-08-30,"94213641",5.62044270833333,"toolik"
2022-08-30,"94213642",5.80143229166667,"toolik"
2022-08-30,"94213643",4.77213541666667,"toolik"
2022-08-30,"94213644",5.43880208333333,"toolik"
2022-08-30,"94213648",5.93684895833333,"toolik"
2022-06-02,"sn_08",2.36240322580645,"niwot"
2022-06-02,"sn_11",2.93089583333333,"niwot"
2022-06-02,"sn_12",2.55076271186441,"niwot"
2022-06-02,"sn_13",3.64320833333333,"niwot"
2022-06-03,"sn_08",5.72267361111111,"niwot"
2022-06-03,"sn_11",6.18184027777778,"niwot"
2022-06-03,"sn_12",6.3425625,"niwot"
2022-06-03,"sn_13",6.73650694444444,"niwot"
2022-06-04,"sn_08",7.06774305555556,"niwot"
2022-06-04,"sn_11",7.45838194444444,"niwot"
2022-06-04,"sn_12",7.64118055555556,"niwot"
2022-06-04,"sn_13",8.11883333333333,"niwot"
2022-06-05,"sn_08",5.70494444444444,"niwot"
2022-06-05,"sn_11",6.27357638888889,"niwot"
2022-06-05,"sn_12",6.521375,"niwot"
2022-06-05,"sn_13",6.96472222222222,"niwot"
2022-06-06,"sn_08",4.60733333333333,"niwot"
2022-06-06,"sn_11",5.12577777777778,"niwot"
2022-06-06,"sn_12",5.44601388888889,"niwot"
2022-06-06,"sn_13",5.90266666666667,"niwot"
2022-06-07,"sn_08",5.51858333333333,"niwot"
2022-06-07,"sn_11",5.91343055555556,"niwot"
2022-06-07,"sn_12",6.14143356643357,"niwot"
2022-06-07,"sn_13",6.59576388888889,"niwot"
2022-06-08,"sn_08",5.74084027777778,"niwot"
2022-06-08,"sn_11",6.12388888888889,"niwot"
2022-06-08,"sn_12",6.32179861111111,"niwot"
2022-06-08,"sn_13",6.77497916666667,"niwot"
2022-06-09,"sn_08",9.43999305555556,"niwot"
2022-06-09,"sn_11",10.1605972222222,"niwot"
2022-06-09,"sn_12",10.3383958333333,"niwot"
2022-06-09,"sn_13",10.6261666666667,"niwot"
2022-06-10,"sn_08",11.0487569444444,"niwot"
2022-06-10,"sn_11",11.6267222222222,"niwot"
2022-06-10,"sn_12",11.7845625,"niwot"
2022-06-10,"sn_13",12.1456041666667,"niwot"
2022-06-11,"sn_08",13.2505555555556,"niwot"
2022-06-11,"sn_11",13.8217361111111,"niwot"
2022-06-11,"sn_12",13.9588194444444,"niwot"
2022-06-11,"sn_13",14.3634722222222,"niwot"
2022-06-12,"sn_08",13.2529861111111,"niwot"
2022-06-12,"sn_11",13.7656944444444,"niwot"
2022-06-12,"sn_12",13.9463888888889,"niwot"
2022-06-12,"sn_13",14.5194444444444,"niwot"
2022-06-13,"sn_08",12.3714583333333,"niwot"
2022-06-13,"sn_11",12.9583333333333,"niwot"
2022-06-13,"sn_12",13.0843055555556,"niwot"
2022-06-13,"sn_13",13.5391666666667,"niwot"
2022-06-14,"sn_08",4.84902777777778,"niwot"
2022-06-14,"sn_11",4.94917361111111,"niwot"
2022-06-14,"sn_12",5.26663194444444,"niwot"
2022-06-14,"sn_13",5.91446527777778,"niwot"
2022-06-15,"sn_08",5.47388888888889,"niwot"
2022-06-15,"sn_11",5.73463194444445,"niwot"
2022-06-15,"sn_12",6.0050625,"niwot"
2022-06-15,"sn_13",6.46921527777778,"niwot"
2022-06-16,"sn_08",11.3520069444444,"niwot"
2022-06-16,"sn_11",11.6075347222222,"niwot"
2022-06-16,"sn_12",12.0587291666667,"niwot"
2022-06-16,"sn_13",12.4311111111111,"niwot"
2022-06-17,"sn_08",11.0270625,"niwot"
2022-06-17,"sn_11",11.3463819444444,"niwot"
2022-06-17,"sn_12",11.6397847222222,"niwot"
2022-06-17,"sn_13",11.9167083333333,"niwot"
2022-06-18,"sn_08",9.93696527777778,"niwot"
2022-06-18,"sn_11",10.0429513888889,"niwot"
2022-06-18,"sn_12",10.3382430555556,"niwot"
2022-06-18,"sn_13",10.8962152777778,"niwot"
2022-06-19,"sn_08",8.32577083333333,"niwot"
2022-06-19,"sn_11",8.36909722222222,"niwot"
2022-06-19,"sn_12",8.67966666666667,"niwot"
2022-06-19,"sn_13",9.26979861111111,"niwot"
2022-06-20,"sn_08",7.22935416666667,"niwot"
2022-06-20,"sn_11",7.31327083333333,"niwot"
2022-06-20,"sn_12",7.57143055555556,"niwot"
2022-06-20,"sn_13",8.22424305555556,"niwot"
2022-06-21,"sn_08",7.10498611111111,"niwot"
2022-06-21,"sn_11",7.05550694444444,"niwot"
2022-06-21,"sn_12",7.6885,"niwot"
2022-06-21,"sn_13",8.11718055555555,"niwot"
2022-06-22,"sn_08",9.4913125,"niwot"
2022-06-22,"sn_11",9.70309722222222,"niwot"
2022-06-22,"sn_12",10.0222708333333,"niwot"
2022-06-22,"sn_13",10.3409097222222,"niwot"
2022-06-23,"sn_08",8.95754166666667,"niwot"
2022-06-23,"sn_11",9.10947222222222,"niwot"
2022-06-23,"sn_12",9.45422916666667,"niwot"
2022-06-23,"sn_13",9.83343055555556,"niwot"
2022-06-24,"sn_08",7.44386805555555,"niwot"
2022-06-24,"sn_11",7.41422222222222,"niwot"
2022-06-24,"sn_12",7.75013888888889,"niwot"
2022-06-24,"sn_13",8.27703472222222,"niwot"
2022-06-25,"sn_08",5.85495833333333,"niwot"
2022-06-25,"sn_11",5.81852083333333,"niwot"
2022-06-25,"sn_12",6.24364583333333,"niwot"
2022-06-25,"sn_13",6.88729166666667,"niwot"
2022-06-26,"sn_08",3.93043055555556,"niwot"
2022-06-26,"sn_11",4.20714583333333,"niwot"
2022-06-26,"sn_12",4.43293055555556,"niwot"
2022-06-26,"sn_13",5.11919444444445,"niwot"
2022-06-27,"sn_08",7.71182638888889,"niwot"
2022-06-27,"sn_11",7.89927083333333,"niwot"
2022-06-27,"sn_12",8.22658041958042,"niwot"
2022-06-27,"sn_13",8.58809722222222,"niwot"
2022-06-28,"sn_08",10.6233194444444,"niwot"
2022-06-28,"sn_11",10.8062430555556,"niwot"
2022-06-28,"sn_12",11.1704861111111,"niwot"
2022-06-28,"sn_13",11.5921180555556,"niwot"
2022-06-29,"sn_08",10.1326458333333,"niwot"
2022-06-29,"sn_11",10.1568819444444,"niwot"
2022-06-29,"sn_12",10.5482152777778,"niwot"
2022-06-29,"sn_13",11.0342291666667,"niwot"
2022-06-30,"sn_08",7.8621875,"niwot"
2022-06-30,"sn_11",7.69802777777778,"niwot"
2022-06-30,"sn_12",8.15026573426573,"niwot"
2022-06-30,"sn_13",8.60243055555556,"niwot"
2022-07-01,"sn_08",8.67190972222222,"niwot"
2022-07-01,"sn_11",8.77311111111111,"niwot"
2022-07-01,"sn_12",9.10742361111111,"niwot"
2022-07-01,"sn_13",9.62799305555555,"niwot"
2022-07-02,"sn_08",9.38900694444444,"niwot"
2022-07-02,"sn_11",9.42855555555556,"niwot"
2022-07-02,"sn_12",9.78091608391608,"niwot"
2022-07-02,"sn_13",10.2851111111111,"niwot"
2022-07-03,"sn_08",10.5609027777778,"niwot"
2022-07-03,"sn_11",10.5946527777778,"niwot"
2022-07-03,"sn_12",10.9384027777778,"niwot"
2022-07-03,"sn_13",11.3043055555556,"niwot"
2022-07-04,"sn_08",10.7537291666667,"niwot"
2022-07-04,"sn_11",10.7370138888889,"niwot"
2022-07-04,"sn_12",11.0875694444444,"niwot"
2022-07-04,"sn_13",11.47375,"niwot"
2022-07-05,"sn_08",9.74696527777778,"niwot"
2022-07-05,"sn_11",9.79334722222222,"niwot"
2022-07-05,"sn_12",10.2098402777778,"niwot"
2022-07-05,"sn_13",10.5359444444444,"niwot"
2022-07-06,"sn_08",8.6100625,"niwot"
2022-07-06,"sn_11",8.60117361111111,"niwot"
2022-07-06,"sn_12",8.95302083333333,"niwot"
2022-07-06,"sn_13",9.44288194444444,"niwot"
2022-07-07,"sn_08",10.2594444444444,"niwot"
2022-07-07,"sn_11",10.3292013888889,"niwot"
2022-07-07,"sn_12",10.7387708333333,"niwot"
2022-07-07,"sn_13",11.19875,"niwot"
2022-07-08,"sn_08",12.1064444444444,"niwot"
2022-07-08,"sn_11",12.2505625,"niwot"
2022-07-08,"sn_12",12.6405416666667,"niwot"
2022-07-08,"sn_13",12.9550902777778,"niwot"
2022-07-09,"sn_08",15.0477083333333,"niwot"
2022-07-09,"sn_11",15.29625,"niwot"
2022-07-09,"sn_12",15.6943055555556,"niwot"
2022-07-09,"sn_13",15.9094444444444,"niwot"
2022-07-10,"sn_08",13.6536111111111,"niwot"
2022-07-10,"sn_11",13.7888888888889,"niwot"
2022-07-10,"sn_12",14.1645833333333,"niwot"
2022-07-10,"sn_13",14.48625,"niwot"
2022-07-11,"sn_08",11.3930902777778,"niwot"
2022-07-11,"sn_11",11.4885277777778,"niwot"
2022-07-11,"sn_12",11.8464930555556,"niwot"
2022-07-11,"sn_13",12.3720555555556,"niwot"
2022-07-12,"sn_08",12.6621527777778,"niwot"
2022-07-12,"sn_11",12.9436111111111,"niwot"
2022-07-12,"sn_12",13.3569444444444,"niwot"
2022-07-12,"sn_13",13.52875,"niwot"
2022-07-13,"sn_08",13.0333333333333,"niwot"
2022-07-13,"sn_11",13.2104861111111,"niwot"
2022-07-13,"sn_12",13.5855555555556,"niwot"
2022-07-13,"sn_13",13.9617361111111,"niwot"
2022-07-14,"sn_08",12.5452777777778,"niwot"
2022-07-14,"sn_11",12.6617361111111,"niwot"
2022-07-14,"sn_12",12.99625,"niwot"
2022-07-14,"sn_13",13.4367361111111,"niwot"
2022-07-15,"sn_08",12.7000486111111,"niwot"
2022-07-15,"sn_11",12.9161736111111,"niwot"
2022-07-15,"sn_12",13.1265277777778,"niwot"
2022-07-15,"sn_13",13.5534722222222,"niwot"
2022-07-16,"sn_08",11.3834722222222,"niwot"
2022-07-16,"sn_11",11.4004861111111,"niwot"
2022-07-16,"sn_12",11.7902083333333,"niwot"
2022-07-16,"sn_13",12.2364583333333,"niwot"
2022-07-17,"sn_08",13.7513888888889,"niwot"
2022-07-17,"sn_11",14.0738888888889,"niwot"
2022-07-17,"sn_12",14.4636805555556,"niwot"
2022-07-17,"sn_13",14.6839583333333,"niwot"
2022-07-18,"sn_08",13.9509722222222,"niwot"
2022-07-18,"sn_11",14.0450694444444,"niwot"
2022-07-18,"sn_12",14.4579861111111,"niwot"
2022-07-18,"sn_13",14.8545833333333,"niwot"
2022-07-19,"sn_08",12.6619444444444,"niwot"
2022-07-19,"sn_11",12.7716666666667,"niwot"
2022-07-19,"sn_12",13.1785416666667,"niwot"
2022-07-19,"sn_13",13.6138888888889,"niwot"
2022-07-20,"sn_08",11.6401388888889,"niwot"
2022-07-20,"sn_11",11.6499305555556,"niwot"
2022-07-20,"sn_12",12.0381944444444,"niwot"
2022-07-20,"sn_13",12.5376388888889,"niwot"
2022-07-21,"sn_08",12.769375,"niwot"
2022-07-21,"sn_11",12.9563888888889,"niwot"
2022-07-21,"sn_12",13.436875,"niwot"
2022-07-21,"sn_13",13.7208333333333,"niwot"
2022-07-22,"sn_08",13.4022222222222,"niwot"
2022-07-22,"sn_11",13.6738888888889,"niwot"
2022-07-22,"sn_12",14.0825694444444,"niwot"
2022-07-22,"sn_13",14.1955555555556,"niwot"
2022-07-23,"sn_08",11.9278472222222,"niwot"
2022-07-23,"sn_11",12.1536666666667,"niwot"
2022-07-23,"sn_12",12.5122183098592,"niwot"
2022-07-23,"sn_13",12.9451111111111,"niwot"
2022-07-24,"sn_08",9.94713194444445,"niwot"
2022-07-24,"sn_11",10.0411111111111,"niwot"
2022-07-24,"sn_12",10.4334652777778,"niwot"
2022-07-24,"sn_13",10.7972013888889,"niwot"
2022-07-25,"sn_08",10.8188958333333,"niwot"
2022-07-25,"sn_11",10.9141111111111,"niwot"
2022-07-25,"sn_12",11.3530763888889,"niwot"
2022-07-25,"sn_13",11.7892291666667,"niwot"
2022-07-26,"sn_08",10.5816805555556,"niwot"
2022-07-26,"sn_11",10.5955625,"niwot"
2022-07-26,"sn_12",10.99725,"niwot"
2022-07-26,"sn_13",11.539375,"niwot"
2022-07-27,"sn_08",11.8020694444444,"niwot"
2022-07-27,"sn_11",11.8599652777778,"niwot"
2022-07-27,"sn_12",12.3036944444444,"niwot"
2022-07-27,"sn_13",12.6241527777778,"niwot"
2022-07-28,"sn_08",7.74179861111111,"niwot"
2022-07-28,"sn_11",7.895625,"niwot"
2022-07-28,"sn_12",8.2678125,"niwot"
2022-07-28,"sn_13",8.67985416666667,"niwot"
2022-07-29,"sn_08",8.32822222222222,"niwot"
2022-07-29,"sn_11",8.73327777777778,"niwot"
2022-07-29,"sn_12",9.03068055555556,"niwot"
2022-07-29,"sn_13",9.32450694444444,"niwot"
2022-07-30,"sn_08",10.7676111111111,"niwot"
2022-07-30,"sn_11",10.9591458333333,"niwot"
2022-07-30,"sn_12",11.3186666666667,"niwot"
2022-07-30,"sn_13",11.71625,"niwot"
2022-07-31,"sn_08",10.82975,"niwot"
2022-07-31,"sn_11",11.0774375,"niwot"
2022-07-31,"sn_12",11.4118958333333,"niwot"
2022-07-31,"sn_13",11.8584722222222,"niwot"
2022-08-01,"sn_08",11.9758333333333,"niwot"
2022-08-01,"sn_11",12.1804861111111,"niwot"
2022-08-01,"sn_12",12.4879166666667,"niwot"
2022-08-01,"sn_13",12.8947222222222,"niwot"
2022-08-02,"sn_08",11.4395138888889,"niwot"
2022-08-02,"sn_11",11.3819444444444,"niwot"
2022-08-02,"sn_12",11.8277083333333,"niwot"
2022-08-02,"sn_13",12.2297222222222,"niwot"
2022-08-03,"sn_08",10.5007152777778,"niwot"
2022-08-03,"sn_11",10.6286875,"niwot"
2022-08-03,"sn_12",10.9295833333333,"niwot"
2022-08-03,"sn_13",11.3993055555556,"niwot"
2022-08-04,"sn_08",13.2713888888889,"niwot"
2022-08-04,"sn_11",13.7177777777778,"niwot"
2022-08-04,"sn_12",13.9222222222222,"niwot"
2022-08-04,"sn_13",14.244375,"niwot"
2022-08-05,"sn_08",12.8919444444444,"niwot"
2022-08-05,"sn_11",13.049375,"niwot"
2022-08-05,"sn_12",13.3695138888889,"niwot"
2022-08-05,"sn_13",13.6832638888889,"niwot"
2022-08-06,"sn_08",11.6944583333333,"niwot"
2022-08-06,"sn_11",11.7404166666667,"niwot"
2022-08-06,"sn_12",12.0634861111111,"niwot"
2022-08-06,"sn_13",12.52375,"niwot"
2022-08-07,"sn_08",10.9147916666667,"niwot"
2022-08-07,"sn_11",10.9076041666667,"niwot"
2022-08-07,"sn_12",11.3461597222222,"niwot"
2022-08-07,"sn_13",11.8285347222222,"niwot"
2022-08-08,"sn_08",10.9290555555556,"niwot"
2022-08-08,"sn_11",11.3852777777778,"niwot"
2022-08-08,"sn_12",11.6498601398601,"niwot"
2022-08-08,"sn_13",11.9363888888889,"niwot"
2022-08-09,"sn_08",12.1810486111111,"niwot"
2022-08-09,"sn_11",12.7851388888889,"niwot"
2022-08-09,"sn_12",12.9920138888889,"niwot"
2022-08-09,"sn_13",13.1516597222222,"niwot"
2022-08-10,"sn_08",12.2519444444444,"niwot"
2022-08-10,"sn_11",12.7425,"niwot"
2022-08-10,"sn_12",13.0610416666667,"niwot"
2022-08-10,"sn_13",13.2240972222222,"niwot"
2022-08-11,"sn_08",13.4245833333333,"niwot"
2022-08-11,"sn_11",13.7186805555556,"niwot"
2022-08-11,"sn_12",14.0784722222222,"niwot"
2022-08-11,"sn_13",14.2670138888889,"niwot"
2022-08-12,"sn_08",12.53375,"niwot"
2022-08-12,"sn_11",12.8426388888889,"niwot"
2022-08-12,"sn_12",13.1973611111111,"niwot"
2022-08-12,"sn_13",13.5324305555556,"niwot"
2022-08-13,"sn_08",11.4241319444444,"niwot"
2022-08-13,"sn_11",11.7232777777778,"niwot"
2022-08-13,"sn_12",12.0099305555556,"niwot"
2022-08-13,"sn_13",12.2211111111111,"niwot"
2022-08-14,"sn_08",11.2063611111111,"niwot"
2022-08-14,"sn_11",11.2777291666667,"niwot"
2022-08-14,"sn_12",11.5869166666667,"niwot"
2022-08-14,"sn_13",11.9459027777778,"niwot"
2022-08-15,"sn_08",8.35740972222222,"niwot"
2022-08-15,"sn_11",8.3694375,"niwot"
2022-08-15,"sn_12",8.72763888888889,"niwot"
2022-08-15,"sn_13",9.22038888888889,"niwot"
2022-08-16,"sn_08",6.29998611111111,"niwot"
2022-08-16,"sn_11",6.45047916666667,"niwot"
2022-08-16,"sn_12",6.738,"niwot"
2022-08-16,"sn_13",7.22227777777778,"niwot"
2022-08-17,"sn_08",7.53277777777778,"niwot"
2022-08-17,"sn_11",8.09983333333333,"niwot"
2022-08-17,"sn_12",8.39696527777778,"niwot"
2022-08-17,"sn_13",8.65545138888889,"niwot"
2022-08-18,"sn_08",9.60436805555556,"niwot"
2022-08-18,"sn_11",9.95017361111111,"niwot"
2022-08-18,"sn_12",10.2455069444444,"niwot"
2022-08-18,"sn_13",10.5417361111111,"niwot"
2022-08-19,"sn_08",8.04533333333333,"niwot"
2022-08-19,"sn_11",8.21857638888889,"niwot"
2022-08-19,"sn_12",8.55213888888889,"niwot"
2022-08-19,"sn_13",8.90902777777778,"niwot"
2022-08-20,"sn_08",6.34968055555556,"niwot"
2022-08-20,"sn_11",6.41769444444444,"niwot"
2022-08-20,"sn_12",6.76932638888889,"niwot"
2022-08-20,"sn_13",7.19758333333333,"niwot"
2022-08-21,"sn_08",6.96872916666667,"niwot"
2022-08-21,"sn_11",7.16376388888889,"niwot"
2022-08-21,"sn_12",7.50343055555556,"niwot"
2022-08-21,"sn_13",7.87208333333333,"niwot"
2022-08-22,"sn_08",7.48608333333333,"niwot"
2022-08-22,"sn_11",7.81570833333333,"niwot"
2022-08-22,"sn_12",8.0870625,"niwot"
2022-08-22,"sn_13",8.41938194444444,"niwot"
2022-08-23,"sn_08",8.07961111111111,"niwot"
2022-08-23,"sn_11",8.37470833333333,"niwot"
2022-08-23,"sn_12",8.73109722222222,"niwot"
2022-08-23,"sn_13",8.99895138888889,"niwot"
2022-08-24,"sn_08",8.68463194444444,"niwot"
2022-08-24,"sn_11",9.05457638888889,"niwot"
2022-08-24,"sn_12",9.47155555555556,"niwot"
2022-08-24,"sn_13",9.6176875,"niwot"
2022-08-25,"sn_08",8.8418125,"niwot"
2022-08-25,"sn_11",9.00375694444444,"niwot"
2022-08-25,"sn_12",9.42561805555555,"niwot"
2022-08-25,"sn_13",9.71252777777778,"niwot"
2022-08-26,"sn_08",7.94084027777778,"niwot"
2022-08-26,"sn_11",8.04967361111111,"niwot"
2022-08-26,"sn_12",8.455875,"niwot"
2022-08-26,"sn_13",8.84575,"niwot"
2022-08-27,"sn_08",8.31345833333333,"niwot"
2022-08-27,"sn_11",8.41745833333333,"niwot"
2022-08-27,"sn_12",8.85138888888889,"niwot"
2022-08-27,"sn_13",9.27369444444444,"niwot"
2022-08-28,"sn_08",9.0414375,"niwot"
2022-08-28,"sn_11",9.05810416666667,"niwot"
2022-08-28,"sn_12",9.54606944444444,"niwot"
2022-08-28,"sn_13",9.86824305555556,"niwot"
2022-08-29,"sn_08",9.62190277777778,"niwot"
2022-08-29,"sn_11",9.82938194444444,"niwot"
2022-08-29,"sn_12",10.2077777777778,"niwot"
2022-08-29,"sn_13",10.5649513888889,"niwot"
2022-08-30,"sn_08",11.3612569444444,"niwot"
2022-08-30,"sn_11",11.7364861111111,"niwot"
2022-08-30,"sn_12",12.0402847222222,"niwot"
2022-08-30,"sn_13",12.2199375,"niwot"
