"Date","SerialID","mean_temp"
2021-05-01,"sn_08",-1.660375
2021-05-01,"sn_11",-0.403291666666667
2021-05-01,"sn_12",-15.5595138888889
2021-05-01,"sn_13",-0.7406875
2021-05-02,"sn_08",-0.685333333333333
2021-05-02,"sn_11",-0.3905625
2021-05-02,"sn_12",-15.7856944444444
2021-05-02,"sn_13",-0.713881944444444
2021-05-03,"sn_08",-0.561625
2021-05-03,"sn_11",-0.399645833333333
2021-05-03,"sn_12",-15.3870833333333
2021-05-03,"sn_13",-0.691930555555556
2021-05-04,"sn_08",-0.555506944444444
2021-05-04,"sn_11",-0.400506944444444
2021-05-04,"sn_12",-14.4719930555556
2021-05-04,"sn_13",-0.691229166666667
2021-05-05,"sn_08",-0.561173611111111
2021-05-05,"sn_11",-0.395361111111111
2021-05-05,"sn_12",-11.6231597222222
2021-05-05,"sn_13",-0.698256944444444
2021-05-06,"sn_08",-0.576034722222222
2021-05-06,"sn_11",-0.382458333333333
2021-05-06,"sn_12",-9.66654861111111
2021-05-06,"sn_13",-0.718465277777778
2021-05-07,"sn_08",-0.588673611111111
2021-05-07,"sn_11",-0.3675625
2021-05-07,"sn_12",-11.9724652777778
2021-05-07,"sn_13",-0.734694444444444
2021-05-08,"sn_08",-0.576506944444444
2021-05-08,"sn_11",-0.376291666666667
2021-05-08,"sn_12",-14.1588194444444
2021-05-08,"sn_13",-0.708701388888889
2021-05-09,"sn_08",-0.573520833333333
2021-05-09,"sn_11",-0.385159722222222
2021-05-09,"sn_12",-12.6097222222222
2021-05-09,"sn_13",-0.696534722222222
2021-05-10,"sn_08",-0.575680555555556
2021-05-10,"sn_11",-0.381305555555556
2021-05-10,"sn_12",-11.0590277777778
2021-05-10,"sn_13",-0.696
2021-05-11,"sn_08",-0.580444444444444
2021-05-11,"sn_11",-0.382694444444444
2021-05-11,"sn_12",-9.47515277777778
2021-05-11,"sn_13",-0.694
2021-05-12,"sn_08",-0.587847222222222
2021-05-12,"sn_11",-0.379104166666667
2021-05-12,"sn_12",-8.59060416666667
2021-05-12,"sn_13",-0.698513888888889
2021-05-13,"sn_08",-0.598881944444444
2021-05-13,"sn_11",-0.369159722222222
2021-05-13,"sn_12",-7.61749305555556
2021-05-13,"sn_13",-0.712513888888889
2021-05-14,"sn_08",-0.604701388888889
2021-05-14,"sn_11",-0.363159722222222
2021-05-14,"sn_12",-8.79611111111111
2021-05-14,"sn_13",-0.720875
2021-05-15,"sn_08",-0.582055555555556
2021-05-15,"sn_11",-0.352819444444444
2021-05-15,"sn_12",-13.9031805555556
2021-05-15,"sn_13",-0.727215277777778
2021-05-16,"sn_08",-0.5758125
2021-05-16,"sn_11",-0.345597222222222
2021-05-16,"sn_12",-7.36820833333333
2021-05-16,"sn_13",-0.721833333333333
2021-05-17,"sn_08",-0.566979166666667
2021-05-17,"sn_11",-0.339861111111111
2021-05-17,"sn_12",-5.72872222222222
2021-05-17,"sn_13",-0.710173611111111
2021-05-18,"sn_08",-0.573013888888889
2021-05-18,"sn_11",-0.340381944444444
2021-05-18,"sn_12",-8.71390972222222
2021-05-18,"sn_13",-0.721722222222222
2021-05-19,"sn_08",-0.570520833333333
2021-05-19,"sn_11",-0.336194444444444
2021-05-19,"sn_12",-5.10546527777778
2021-05-19,"sn_13",-0.716340277777778
2021-05-20,"sn_08",-0.580381944444444
2021-05-20,"sn_11",-0.336833333333333
2021-05-20,"sn_12",-4.62599305555556
2021-05-20,"sn_13",-0.730784722222222
2021-05-21,"sn_08",-0.57675
2021-05-21,"sn_11",-0.333451388888889
2021-05-21,"sn_12",-4.2723125
2021-05-21,"sn_13",-0.722965277777778
2021-05-22,"sn_08",-0.572972222222222
2021-05-22,"sn_11",-0.336513888888889
2021-05-22,"sn_12",-8.66575
2021-05-22,"sn_13",-0.718958333333333
2021-05-23,"sn_08",-0.567125
2021-05-23,"sn_11",-0.332534722222222
2021-05-23,"sn_12",-18.4620833333333
2021-05-23,"sn_13",-0.712708333333333
2021-05-24,"sn_08",-0.570270833333333
2021-05-24,"sn_11",-0.340263888888889
2021-05-24,"sn_12",-13.4559722222222
2021-05-24,"sn_13",-0.716409722222222
2021-05-25,"sn_08",-0.571611111111111
2021-05-25,"sn_11",-0.339736111111111
2021-05-25,"sn_12",-13.9428472222222
2021-05-25,"sn_13",-0.719534722222222
2021-05-26,"sn_08",-0.576972222222222
2021-05-26,"sn_11",-0.3358125
2021-05-26,"sn_12",-13.1340972222222
2021-05-26,"sn_13",-0.724618055555556
2021-05-27,"sn_08",-0.575625
2021-05-27,"sn_11",-0.336652777777778
2021-05-27,"sn_12",-14.625625
2021-05-27,"sn_13",-0.722631944444444
2021-05-28,"sn_08",-0.580770833333333
2021-05-28,"sn_11",-0.337486111111111
2021-05-28,"sn_12",-13.9984861111111
2021-05-28,"sn_13",-0.7303125
2021-05-29,"sn_08",-0.577027777777778
2021-05-29,"sn_11",-0.328298611111111
2021-05-29,"sn_12",-18.2745833333333
2021-05-29,"sn_13",-0.724090277777778
2021-05-30,"sn_08",-0.563819444444444
2021-05-30,"sn_11",-0.332131944444444
2021-05-30,"sn_12",-18.8334722222222
2021-05-30,"sn_13",-0.703479166666667
2021-05-31,"sn_08",-0.568388888888889
2021-05-31,"sn_11",-0.335284722222222
2021-05-31,"sn_13",-0.706791666666667
2021-06-01,"sn_08",-0.571277777777778
2021-06-01,"sn_11",-0.342375
2021-06-01,"sn_12",-17.2684027777778
2021-06-01,"sn_13",-0.712416666666667
2021-06-02,"sn_08",-0.579756944444444
2021-06-02,"sn_11",-0.335069444444444
2021-06-02,"sn_12",-13.536875
2021-06-02,"sn_13",-0.730263888888889
2021-06-03,"sn_08",-0.580270833333333
2021-06-03,"sn_11",-0.335256944444444
2021-06-03,"sn_12",-13.97125
2021-06-03,"sn_13",-0.571416666666667
2021-06-04,"sn_08",-0.586284722222222
2021-06-04,"sn_11",-0.334159722222222
2021-06-04,"sn_12",-16.133125
2021-06-04,"sn_13",0.463013888888889
2021-06-05,"sn_08",-0.237291666666667
2021-06-05,"sn_11",-0.331263888888889
2021-06-05,"sn_12",-18.5038888888889
2021-06-05,"sn_13",0.882944444444444
2021-06-06,"sn_08",1.48254861111111
2021-06-06,"sn_11",2.34065277777778
2021-06-06,"sn_12",-16.7007638888889
2021-06-06,"sn_13",1.28495138888889
2021-06-07,"sn_08",3.30192361111111
2021-06-07,"sn_11",6.51093055555556
2021-06-07,"sn_12",-16.7047222222222
2021-06-07,"sn_13",2.23879166666667
2021-06-08,"sn_08",4.24222916666667
2021-06-08,"sn_11",8.41114583333333
2021-06-08,"sn_12",-15.6742361111111
2021-06-08,"sn_13",2.35597916666667
2021-06-09,"sn_08",4.98740972222222
2021-06-09,"sn_11",9.98324305555555
2021-06-09,"sn_12",-14.7629166666667
2021-06-09,"sn_13",2.78193055555556
2021-06-10,"sn_08",5.13278472222222
2021-06-10,"sn_11",11.1363541666667
2021-06-10,"sn_12",-10.8415138888889
2021-06-10,"sn_13",2.81915277777778
2021-06-11,"sn_08",5.03634027777778
2021-06-11,"sn_11",11.4317569444444
2021-06-11,"sn_12",-11.5801875
2021-06-11,"sn_13",3.34219444444444
2021-06-12,"sn_08",6.35643055555556
2021-06-12,"sn_11",12.9928333333333
2021-06-12,"sn_12",-9.8075625
2021-06-12,"sn_13",3.9118125
2021-06-13,"sn_08",6.97073611111111
2021-06-13,"sn_11",13.3905347222222
2021-06-13,"sn_12",-9.19680555555555
2021-06-13,"sn_13",3.91254861111111
2021-06-14,"sn_08",8.1319375
2021-06-14,"sn_11",14.6881944444444
2021-06-14,"sn_13",4.27278472222222
2021-06-15,"sn_08",8.78934027777778
2021-06-15,"sn_11",15.5504861111111
2021-06-15,"sn_12",-8.89484027777778
2021-06-15,"sn_13",2.8285
2021-06-16,"sn_08",8.51874305555556
2021-06-16,"sn_11",15.0559027777778
2021-06-16,"sn_12",-8.32444444444444
2021-06-16,"sn_13",1.30028472222222
2021-06-17,"sn_08",8.53163888888889
2021-06-17,"sn_11",14.9815972222222
2021-06-17,"sn_12",-8.90086805555556
2021-06-17,"sn_13",1.56686111111111
2021-06-18,"sn_08",7.79204861111111
2021-06-18,"sn_11",13.775625
2021-06-18,"sn_12",-15.6092361111111
2021-06-18,"sn_13",1.63140972222222
2021-06-19,"sn_08",7.19264583333333
2021-06-19,"sn_11",12.4169444444444
2021-06-19,"sn_12",-14.9970138888889
2021-06-19,"sn_13",1.72045138888889
2021-06-20,"sn_08",7.280625
2021-06-20,"sn_11",12.6368055555556
2021-06-20,"sn_12",-15.0637777777778
2021-06-20,"sn_13",1.98551388888889
2021-06-21,"sn_08",8.08395138888889
2021-06-21,"sn_11",13.4531944444444
2021-06-21,"sn_12",-12.9530555555556
2021-06-21,"sn_13",2.01007638888889
2021-06-22,"sn_08",8.25790277777778
2021-06-22,"sn_11",14.1330555555556
2021-06-22,"sn_12",-15.6956944444444
2021-06-22,"sn_13",2.16295138888889
2021-06-23,"sn_08",7.62235416666667
2021-06-23,"sn_11",13.0079166666667
2021-06-23,"sn_12",-20.7386805555556
2021-06-23,"sn_13",2.03726388888889
2021-06-24,"sn_08",6.41230555555556
2021-06-24,"sn_11",10.6729027777778
2021-06-24,"sn_12",-23.3272916666667
2021-06-24,"sn_13",2.07231944444444
2021-06-25,"sn_08",6.43230555555556
2021-06-25,"sn_11",9.19154861111111
2021-06-25,"sn_12",-24.3968055555556
2021-06-25,"sn_13",2.24485416666667
2021-06-26,"sn_08",5.54294444444444
2021-06-26,"sn_11",7.63021527777778
2021-06-26,"sn_12",-24.5801388888889
2021-06-26,"sn_13",1.97808333333333
2021-06-27,"sn_08",4.56945833333333
2021-06-27,"sn_11",6.33380555555556
2021-06-27,"sn_12",-24.9117361111111
2021-06-27,"sn_13",1.76636805555556
2021-06-28,"sn_08",3.93542361111111
2021-06-28,"sn_11",5.82861805555556
2021-06-28,"sn_12",-25.5790277777778
2021-06-28,"sn_13",1.77745138888889
2021-06-29,"sn_08",4.61621527777778
2021-06-29,"sn_11",6.9435
2021-06-29,"sn_12",-25.5108333333333
2021-06-29,"sn_13",1.90628472222222
2021-06-30,"sn_08",5.56783333333333
2021-06-30,"sn_11",8.43654861111111
2021-06-30,"sn_12",-25.1122222222222
2021-06-30,"sn_13",2.10497222222222
2021-07-01,"sn_08",6.58424305555556
2021-07-01,"sn_11",9.29797222222222
2021-07-01,"sn_12",-24.3881944444444
2021-07-01,"sn_13",2.34111111111111
2021-07-02,"sn_08",7.44186111111111
2021-07-02,"sn_11",10.5500138888889
2021-07-02,"sn_12",-24.6277083333333
2021-07-02,"sn_13",2.63970833333333
2021-07-03,"sn_08",8.24507638888889
2021-07-03,"sn_11",11.1336666666667
2021-07-03,"sn_12",-25.0523611111111
2021-07-03,"sn_13",2.90044444444444
2021-07-04,"sn_08",8.53031944444444
2021-07-04,"sn_11",11.6634930555556
2021-07-04,"sn_12",-25.716875
2021-07-04,"sn_13",2.93854166666667
2021-07-05,"sn_08",8.402125
2021-07-05,"sn_11",11.8233194444444
2021-07-05,"sn_12",-26.9736111111111
2021-07-05,"sn_13",2.95447222222222
2021-07-06,"sn_08",9.20510416666667
2021-07-06,"sn_11",12.5363194444444
2021-07-06,"sn_12",-26.5410416666667
2021-07-06,"sn_13",3.39375
2021-07-07,"sn_08",9.49357638888889
2021-07-07,"sn_11",13.1311111111111
2021-07-07,"sn_12",-27.6247916666667
2021-07-07,"sn_13",3.57775694444444
2021-07-08,"sn_08",9.73785416666667
2021-07-08,"sn_11",14.0539583333333
2021-07-08,"sn_12",-27.8795833333333
2021-07-08,"sn_13",3.77639583333333
2021-07-09,"sn_08",10.1969375
2021-07-09,"sn_11",14.946875
2021-07-09,"sn_12",-27.8302777777778
2021-07-09,"sn_13",4.00454861111111
2021-07-10,"sn_08",10.2444513888889
2021-07-10,"sn_11",15.2306944444444
2021-07-10,"sn_12",-27.8298611111111
2021-07-10,"sn_13",4.22779166666667
2021-07-11,"sn_08",10.5609305555556
2021-07-11,"sn_11",15.6882638888889
2021-07-11,"sn_12",-29.2786111111111
2021-07-11,"sn_13",4.38106944444444
2021-07-12,"sn_08",10.3767777777778
2021-07-12,"sn_11",15.31125
2021-07-12,"sn_12",-30.1957638888889
2021-07-12,"sn_13",4.43283333333333
2021-07-13,"sn_08",9.55173611111111
2021-07-13,"sn_11",13.3872222222222
2021-07-13,"sn_12",-31.1669444444444
2021-07-13,"sn_13",4.12047222222222
2021-07-14,"sn_08",8.13658333333333
2021-07-14,"sn_11",10.6426388888889
2021-07-14,"sn_12",-31.3446527777778
2021-07-14,"sn_13",3.78536805555556
2021-07-15,"sn_08",8.45471527777778
2021-07-15,"sn_11",12.232125
2021-07-15,"sn_12",-31.3027777777778
2021-07-15,"sn_13",4.04033333333333
2021-07-16,"sn_08",9.06321527777778
2021-07-16,"sn_11",13.4720138888889
2021-07-16,"sn_12",-32.8730555555556
2021-07-16,"sn_13",4.38019444444444
2021-07-17,"sn_08",9.02969444444444
2021-07-17,"sn_11",13.3234027777778
2021-07-17,"sn_12",-33.464375
2021-07-17,"sn_13",4.46444444444444
2021-07-18,"sn_08",9.43490972222222
2021-07-18,"sn_11",14.2342361111111
2021-07-18,"sn_12",-33.6804166666667
2021-07-18,"sn_13",4.92624305555556
2021-07-19,"sn_08",9.92188888888889
2021-07-19,"sn_11",15.3769444444444
2021-07-19,"sn_12",-33.8197222222222
2021-07-19,"sn_13",5.70122222222222
2021-07-20,"sn_08",10.4215555555556
2021-07-20,"sn_11",15.9215972222222
2021-07-20,"sn_12",-34.3097916666667
2021-07-20,"sn_13",6.59509027777778
2021-07-21,"sn_08",10.0343055555556
2021-07-21,"sn_11",14.3846527777778
2021-07-21,"sn_12",-36.3700694444444
2021-07-21,"sn_13",7.16914583333333
2021-07-22,"sn_08",9.80506944444445
2021-07-22,"sn_11",13.4459027777778
2021-07-22,"sn_12",-37.6038194444444
2021-07-22,"sn_13",7.70738888888889
2021-07-23,"sn_08",9.57604166666667
2021-07-23,"sn_11",12.7773611111111
2021-07-23,"sn_12",-37.8839583333333
2021-07-23,"sn_13",7.98613888888889
2021-07-24,"sn_08",9.85972916666667
2021-07-24,"sn_11",13.3925
2021-07-24,"sn_12",-37.7491666666667
2021-07-24,"sn_13",8.70789583333333
2021-07-25,"sn_08",10.1105486111111
2021-07-25,"sn_11",14.5921527777778
2021-07-25,"sn_12",-38.2139583333333
2021-07-25,"sn_13",9.17979166666667
2021-07-26,"sn_08",9.99861111111111
2021-07-26,"sn_11",14.9502777777778
2021-07-26,"sn_12",-38.6415972222222
2021-07-26,"sn_13",9.32976388888889
2021-07-27,"sn_08",10.3375
2021-07-27,"sn_11",16.5009027777778
2021-07-27,"sn_13",9.58088194444444
2021-07-28,"sn_08",10.4152083333333
2021-07-28,"sn_11",15.7709027777778
2021-07-28,"sn_13",9.64902777777778
2021-07-29,"sn_08",10.2191458333333
2021-07-29,"sn_11",16.0127777777778
2021-07-29,"sn_13",9.85434722222222
2021-07-30,"sn_08",10.0361805555556
2021-07-30,"sn_11",14.4997222222222
2021-07-30,"sn_13",9.80895833333333
2021-07-31,"sn_08",8.89786111111111
2021-07-31,"sn_11",11.1559722222222
2021-07-31,"sn_13",8.96798611111111
2021-08-01,"sn_08",8.93425694444444
2021-08-01,"sn_11",11.5445347222222
2021-08-01,"sn_13",8.9950625
2021-08-02,"sn_08",9.26186111111111
2021-08-02,"sn_11",12.0203472222222
2021-08-02,"sn_13",9.0704375
2021-08-03,"sn_08",8.91386111111111
2021-08-03,"sn_11",10.8210416666667
2021-08-03,"sn_13",8.894375
2021-08-04,"sn_08",9.36400694444444
2021-08-04,"sn_11",11.7901319444444
2021-08-04,"sn_13",9.13640972222222
2021-08-05,"sn_08",9.799625
2021-08-05,"sn_11",12.9612083333333
2021-08-05,"sn_13",9.46192361111111
2021-08-06,"sn_08",9.8263125
2021-08-06,"sn_11",13.2523611111111
2021-08-06,"sn_13",9.28285416666667
2021-08-07,"sn_08",8.77495138888889
2021-08-07,"sn_11",10.8567847222222
2021-08-07,"sn_13",8.50227083333333
2021-08-08,"sn_08",9.34420833333333
2021-08-08,"sn_11",12.5853541666667
2021-08-08,"sn_13",8.67422916666667
2021-08-09,"sn_08",10.1885694444444
2021-08-09,"sn_11",14.5084722222222
2021-08-09,"sn_13",9.16852777777778
2021-08-10,"sn_08",9.90069444444444
2021-08-10,"sn_11",14.4243055555556
2021-08-10,"sn_13",8.79388888888889
2021-08-11,"sn_08",10.1554791666667
2021-08-11,"sn_11",14.9215972222222
2021-08-11,"sn_13",8.72638194444444
2021-08-12,"sn_08",10.18475
2021-08-12,"sn_11",15.4366666666667
2021-08-12,"sn_12",-40.1134722222222
2021-08-12,"sn_13",8.98890277777778
2021-08-13,"sn_08",10.2658333333333
2021-08-13,"sn_11",14.6936805555556
2021-08-13,"sn_13",9.0253125
2021-08-14,"sn_08",9.6514375
2021-08-14,"sn_11",13.6759722222222
2021-08-14,"sn_13",8.71184027777778
2021-08-15,"sn_08",9.44620138888889
2021-08-15,"sn_11",13.1590972222222
2021-08-15,"sn_13",8.48101388888889
2021-08-16,"sn_08",8.99363194444445
2021-08-16,"sn_11",13.4707638888889
2021-08-16,"sn_13",8.365875
2021-08-17,"sn_08",9.85376388888889
2021-08-17,"sn_11",15.1751388888889
2021-08-17,"sn_12",-37.3316666666667
2021-08-17,"sn_13",8.87611111111111
2021-08-18,"sn_08",9.79854166666667
2021-08-18,"sn_11",14.2416666666667
2021-08-18,"sn_13",8.85104861111111
2021-08-19,"sn_08",8.92780555555555
2021-08-19,"sn_11",11.8701388888889
2021-08-19,"sn_12",-42.3652777777778
2021-08-19,"sn_13",8.41667361111111
2021-08-20,"sn_08",7.29659027777778
2021-08-20,"sn_11",9.25076388888889
2021-08-20,"sn_12",-41.0055555555556
2021-08-20,"sn_13",6.62520138888889
2021-08-21,"sn_08",7.65820833333333
2021-08-21,"sn_11",10.9198958333333
2021-08-21,"sn_13",7.14128472222222
2021-08-22,"sn_08",8.18626388888889
2021-08-22,"sn_11",11.6062361111111
2021-08-22,"sn_13",7.67124305555556
2021-08-23,"sn_08",8.37940972222222
2021-08-23,"sn_11",12.0822291666667
2021-08-23,"sn_12",-36.3368055555556
2021-08-23,"sn_13",7.77861111111111
2021-08-24,"sn_08",9.01705555555556
2021-08-24,"sn_11",13.9730347222222
2021-08-24,"sn_12",-32.3673611111111
2021-08-24,"sn_13",8.25859722222222
2021-08-25,"sn_08",9.31805555555556
2021-08-25,"sn_11",14.9713194444444
2021-08-25,"sn_12",-33.634375
2021-08-25,"sn_13",8.29545138888889
2021-08-26,"sn_08",9.11852777777778
2021-08-26,"sn_11",14.2779166666667
2021-08-26,"sn_12",-30.0965277777778
2021-08-26,"sn_13",8.06992361111111
2021-08-27,"sn_08",8.90384027777778
2021-08-27,"sn_11",13.2386805555556
2021-08-27,"sn_13",7.99404166666667
2021-08-28,"sn_08",9.65016666666667
2021-08-28,"sn_11",15.3086111111111
2021-08-28,"sn_12",-25.7958333333333
2021-08-28,"sn_13",8.68584027777778
2021-08-29,"sn_08",9.96540277777778
2021-08-29,"sn_11",16.1119444444444
2021-08-29,"sn_13",9.08636805555556
2021-08-30,"sn_08",8.86761805555556
2021-08-30,"sn_11",14.6453472222222
2021-08-30,"sn_13",7.98785416666667
2021-08-31,"sn_08",9.00761805555556
2021-08-31,"sn_11",14.8966666666667
2021-08-31,"sn_13",8.03510416666667
2021-09-01,"sn_08",8.8390625
2021-09-01,"sn_11",13.4828472222222
2021-09-01,"sn_13",7.8075625
2021-09-02,"sn_08",8.40348611111111
2021-09-02,"sn_11",11.6336111111111
2021-09-02,"sn_13",8.10213194444444
2021-09-03,"sn_08",7.97695833333333
2021-09-03,"sn_11",10.1979861111111
2021-09-03,"sn_13",7.62369444444444
2021-09-04,"sn_08",8.26379166666667
2021-09-04,"sn_11",11.1446805555556
2021-09-04,"sn_12",-31.2936111111111
2021-09-04,"sn_13",7.91999305555556
2021-09-05,"sn_08",8.05385416666667
2021-09-05,"sn_11",12.2840069444444
2021-09-05,"sn_12",-31.8777777777778
2021-09-05,"sn_13",7.45347222222222
2021-09-06,"sn_08",8.37129166666667
2021-09-06,"sn_11",13.0275694444444
2021-09-06,"sn_13",7.30874305555556
2021-09-07,"sn_08",9.19377083333333
2021-09-07,"sn_11",14.5256944444444
2021-09-07,"sn_12",-33.2138194444444
2021-09-07,"sn_13",7.860625
2021-09-08,"sn_08",9.0034375
2021-09-08,"sn_11",14.6229861111111
2021-09-08,"sn_12",-32.6174305555556
2021-09-08,"sn_13",8.01382638888889
2021-09-09,"sn_08",9.75963888888889
2021-09-09,"sn_11",15.5723611111111
2021-09-09,"sn_12",-34.1898611111111
2021-09-09,"sn_13",8.27739583333333
2021-09-10,"sn_08",9.48511111111111
2021-09-10,"sn_11",15.1041666666667
2021-09-10,"sn_12",-34.8198611111111
2021-09-10,"sn_13",8.16821527777778
2021-09-11,"sn_08",9.50996527777778
2021-09-11,"sn_11",14.5275
2021-09-11,"sn_13",8.21704166666667
2021-09-12,"sn_08",9.0145625
2021-09-12,"sn_11",13.0644444444444
2021-09-12,"sn_13",8.13360416666667
2021-09-13,"sn_08",8.63731944444444
2021-09-13,"sn_11",12.6580555555556
2021-09-13,"sn_12",-30.7423611111111
2021-09-13,"sn_13",7.63293055555556
2021-09-14,"sn_08",8.20886805555556
2021-09-14,"sn_11",12.4460416666667
2021-09-14,"sn_13",7.30597222222222
2021-09-15,"sn_08",8.37836805555555
2021-09-15,"sn_11",12.9646527777778
2021-09-15,"sn_13",7.15725
2021-09-16,"sn_08",8.58888888888889
2021-09-16,"sn_11",13.7040277777778
2021-09-16,"sn_12",-23.8665277777778
2021-09-16,"sn_13",7.20260416666667
2021-09-17,"sn_08",8.24374305555556
2021-09-17,"sn_11",13.2942569444444
2021-09-17,"sn_13",6.70890972222222
2021-09-18,"sn_08",8.25350694444444
2021-09-18,"sn_11",13.5833333333333
2021-09-18,"sn_13",6.80796527777778
2021-09-19,"sn_08",8.22501388888889
2021-09-19,"sn_11",12.5899305555556
2021-09-19,"sn_12",-21.488125
2021-09-19,"sn_13",6.66880555555556
2021-09-20,"sn_08",6.04644444444444
2021-09-20,"sn_11",8.16418055555556
2021-09-20,"sn_13",4.68220833333333
2021-09-21,"sn_08",5.27666666666667
2021-09-21,"sn_11",7.92182638888889
2021-09-21,"sn_13",4.0943125
2021-09-22,"sn_08",5.39478472222222
2021-09-22,"sn_11",9.31402777777778
2021-09-22,"sn_12",-29.494375
2021-09-22,"sn_13",4.35422916666667
2021-09-23,"sn_08",5.92802083333333
2021-09-23,"sn_11",10.2491597222222
2021-09-23,"sn_12",-30.1197222222222
2021-09-23,"sn_13",5.01872916666667
2021-09-24,"sn_08",6.24856944444444
2021-09-24,"sn_11",10.9876319444444
2021-09-24,"sn_13",5.45707638888889
2021-09-25,"sn_08",6.74222222222222
2021-09-25,"sn_11",11.8304652777778
2021-09-25,"sn_12",-31.3815972222222
2021-09-25,"sn_13",5.86925
2021-09-26,"sn_08",7.53743055555556
2021-09-26,"sn_11",12.8358333333333
2021-09-26,"sn_12",-32.005625
2021-09-26,"sn_13",6.24307638888889
2021-09-27,"sn_08",7.14853472222222
2021-09-27,"sn_11",12.8520069444444
2021-09-27,"sn_13",5.93486805555556
2021-09-28,"sn_08",6.65413888888889
2021-09-28,"sn_11",10.7631944444444
2021-09-28,"sn_13",5.58357638888889
2021-09-29,"sn_08",5.50065277777778
2021-09-29,"sn_11",7.90923611111111
2021-09-29,"sn_13",5.0320625
2021-09-30,"sn_08",5.15219444444444
2021-09-30,"sn_11",7.82120138888889
2021-09-30,"sn_12",-35.2211111111111
2021-09-30,"sn_13",5.51975
2021-10-01,"sn_08",4.78588194444444
2021-10-01,"sn_11",7.12873611111111
2021-10-01,"sn_13",4.77742361111111
2021-10-02,"sn_08",4.52297222222222
2021-10-02,"sn_11",6.66456944444444
2021-10-02,"sn_12",-38.658125
2021-10-02,"sn_13",4.37506944444444
2021-10-03,"sn_08",4.5304375
2021-10-03,"sn_11",8.40240277777778
2021-10-03,"sn_12",-41.5413194444444
2021-10-03,"sn_13",4.59028472222222
2021-10-04,"sn_08",5.1291875
2021-10-04,"sn_11",9.92843055555556
2021-10-04,"sn_12",-41.4651388888889
2021-10-04,"sn_13",4.99507638888889
2021-10-05,"sn_08",5.19084027777778
2021-10-05,"sn_11",10.3952361111111
2021-10-05,"sn_13",4.81064583333333
2021-10-06,"sn_08",4.97866666666667
2021-10-06,"sn_11",9.51595138888889
2021-10-06,"sn_12",-35.3920833333333
2021-10-06,"sn_13",4.35334722222222
2021-10-07,"sn_08",5.15357638888889
2021-10-07,"sn_11",9.36052777777778
2021-10-07,"sn_13",4.69602083333333
2021-10-08,"sn_08",4.85597222222222
2021-10-08,"sn_11",8.41734027777778
2021-10-08,"sn_13",4.31258333333333
2021-10-09,"sn_08",3.52420138888889
2021-10-09,"sn_11",5.02435416666667
2021-10-09,"sn_13",3.25985416666667
2021-10-10,"sn_08",2.4865
2021-10-10,"sn_11",3.36865277777778
2021-10-10,"sn_13",2.15745138888889
2021-10-11,"sn_08",1.61443055555556
2021-10-11,"sn_11",2.94486111111111
2021-10-11,"sn_12",-36.3560416666667
2021-10-11,"sn_13",1.35415972222222
2021-10-12,"sn_08",1.01524305555556
2021-10-12,"sn_11",2.05094444444444
2021-10-12,"sn_13",1.37534722222222
2021-10-13,"sn_08",0.878333333333333
2021-10-13,"sn_11",0.743277777777778
2021-10-13,"sn_13",0.360958333333333
2021-10-14,"sn_08",0.327347222222222
2021-10-14,"sn_11",-0.939722222222222
2021-10-14,"sn_12",-35.7543055555556
2021-10-14,"sn_13",-0.0797222222222222
2021-10-15,"sn_08",-0.0250347222222222
2021-10-15,"sn_11",-0.454097222222222
2021-10-15,"sn_13",-0.0769861111111111
2021-10-16,"sn_08",-0.270756944444444
2021-10-16,"sn_11",0.298881944444444
2021-10-16,"sn_12",-39.8227083333333
2021-10-16,"sn_13",-0.141430555555556
2021-10-17,"sn_08",-0.280222222222222
2021-10-17,"sn_11",3.10127777777778
2021-10-17,"sn_12",-38.8397916666667
2021-10-17,"sn_13",-0.134569444444444
2021-10-18,"sn_08",-0.275243055555556
2021-10-18,"sn_11",4.14033333333333
2021-10-18,"sn_12",-38.9545833333333
2021-10-18,"sn_13",-0.126722222222222
2021-10-19,"sn_08",-0.263923611111111
2021-10-19,"sn_11",1.67318055555556
2021-10-19,"sn_12",-40.1483333333333
2021-10-19,"sn_13",-0.0943333333333333
2021-10-20,"sn_08",-0.726826388888889
2021-10-20,"sn_11",0.637895833333333
2021-10-20,"sn_12",-39.8989583333333
2021-10-20,"sn_13",-0.172097222222222
2021-10-21,"sn_08",-0.919986111111111
2021-10-21,"sn_11",1.661375
2021-10-21,"sn_12",-39.0223611111111
2021-10-21,"sn_13",-0.264055555555556
2021-10-22,"sn_08",-0.903930555555556
2021-10-22,"sn_11",3.94635416666667
2021-10-22,"sn_12",-35.6889583333333
2021-10-22,"sn_13",-0.213625
2021-10-23,"sn_08",-0.835833333333333
2021-10-23,"sn_11",3.48646527777778
2021-10-23,"sn_13",-0.195722222222222
2021-10-24,"sn_08",-0.818145833333333
2021-10-24,"sn_11",1.93471527777778
2021-10-24,"sn_13",-0.168152777777778
2021-10-25,"sn_08",-0.794729166666667
2021-10-25,"sn_11",4.596375
2021-10-25,"sn_13",-0.139777777777778
2021-10-26,"sn_08",-0.562152777777778
2021-10-26,"sn_11",3.49332638888889
2021-10-26,"sn_13",-0.111659722222222
2021-10-27,"sn_08",-0.610388888888889
2021-10-27,"sn_11",0.398652777777778
2021-10-27,"sn_13",-0.149680555555556
2021-10-28,"sn_08",-0.926270833333333
2021-10-28,"sn_11",-0.192277777777778
2021-10-28,"sn_13",-0.336715277777778
2021-10-29,"sn_08",-1.04899305555556
2021-10-29,"sn_11",1.10161111111111
2021-10-29,"sn_12",-36.2232638888889
2021-10-29,"sn_13",-0.395923611111111
2021-10-30,"sn_08",-1.04265972222222
2021-10-30,"sn_11",3.19747916666667
2021-10-30,"sn_13",-0.452527777777778
2021-10-31,"sn_08",-0.863041666666667
2021-10-31,"sn_11",2.86788888888889
2021-10-31,"sn_13",-0.418465277777778
2021-11-01,"sn_08",-0.757715277777778
2021-11-01,"sn_11",1.37024305555556
2021-11-01,"sn_13",-0.388020833333333
2021-11-02,"sn_08",-0.659868055555556
2021-11-02,"sn_11",0.952513888888889
2021-11-02,"sn_13",-0.346673611111111
2021-11-03,"sn_08",-0.621131944444444
2021-11-03,"sn_11",0.908826388888889
2021-11-03,"sn_12",-11.2072916666667
2021-11-03,"sn_13",-0.253534722222222
2021-11-04,"sn_08",-0.600333333333333
2021-11-04,"sn_11",0.624104166666667
2021-11-04,"sn_12",-11.6136111111111
2021-11-04,"sn_13",-0.181986111111111
2021-11-05,"sn_08",-0.594222222222222
2021-11-05,"sn_11",0.337951388888889
2021-11-05,"sn_12",-11.6138888888889
2021-11-05,"sn_13",-0.158951388888889
2021-11-06,"sn_08",-0.600041666666667
2021-11-06,"sn_11",0.0574722222222222
2021-11-06,"sn_12",-12.4992361111111
2021-11-06,"sn_13",-0.213875
2021-11-07,"sn_08",-0.657590277777778
2021-11-07,"sn_11",0.358888888888889
2021-11-07,"sn_12",-12.2635416666667
2021-11-07,"sn_13",-0.363111111111111
2021-11-08,"sn_08",-0.859958333333333
2021-11-08,"sn_11",0.628541666666667
2021-11-08,"sn_12",-12.1527777777778
2021-11-08,"sn_13",-0.430791666666667
2021-11-09,"sn_08",-0.867958333333333
2021-11-09,"sn_11",0.794256944444445
2021-11-09,"sn_12",-21.1359027777778
2021-11-09,"sn_13",-0.488548611111111
2021-11-10,"sn_08",-1.19572916666667
2021-11-10,"sn_11",-0.177631944444444
2021-11-10,"sn_13",-0.661506944444444
2021-11-11,"sn_08",-1.79192361111111
2021-11-11,"sn_11",-1.56445833333333
2021-11-11,"sn_13",-0.666590277777778
2021-11-12,"sn_08",-1.73029861111111
2021-11-12,"sn_11",-1.49489583333333
2021-11-12,"sn_13",-0.679152777777778
2021-11-13,"sn_08",-1.4603125
2021-11-13,"sn_11",-1.48869444444444
2021-11-13,"sn_13",-0.681243055555556
2021-11-14,"sn_08",-1.4605
2021-11-14,"sn_11",-1.60032638888889
2021-11-14,"sn_13",-0.6790625
2021-11-15,"sn_08",-1.44227083333333
2021-11-15,"sn_11",-1.04582638888889
2021-11-15,"sn_12",-40.4490277777778
2021-11-15,"sn_13",-0.634680555555556
2021-11-16,"sn_08",-1.46179861111111
2021-11-16,"sn_11",-0.686145833333333
2021-11-16,"sn_12",-39.1038888888889
2021-11-16,"sn_13",-0.643805555555556
2021-11-17,"sn_08",-1.57378472222222
2021-11-17,"sn_11",-1.15913194444444
2021-11-17,"sn_12",-38.9910416666667
2021-11-17,"sn_13",-0.668291666666667
2021-11-18,"sn_08",-2.18032638888889
2021-11-18,"sn_11",-3.40127083333333
2021-11-18,"sn_12",-36.0942361111111
2021-11-18,"sn_13",-0.680951388888889
2021-11-19,"sn_08",-2.25305555555556
2021-11-19,"sn_11",-2.38322222222222
2021-11-19,"sn_12",-33.5677083333333
2021-11-19,"sn_13",-0.686486111111111
2021-11-20,"sn_08",-2.22207638888889
2021-11-20,"sn_11",-2.14929166666667
2021-11-20,"sn_13",-0.680243055555556
2021-11-21,"sn_08",-2.07319444444444
2021-11-21,"sn_11",-1.85272222222222
2021-11-21,"sn_13",-0.672715277777778
2021-11-22,"sn_08",-2.44755555555556
2021-11-22,"sn_11",-2.91125
2021-11-22,"sn_12",-34.0502083333333
2021-11-22,"sn_13",-0.744048611111111
2021-11-23,"sn_08",-2.5676875
2021-11-23,"sn_11",-1.72255555555556
2021-11-23,"sn_12",-31.2813888888889
2021-11-23,"sn_13",-0.837736111111111
2021-11-24,"sn_08",-2.74122222222222
2021-11-24,"sn_11",-2.70377777777778
2021-11-24,"sn_12",-33.5878472222222
2021-11-24,"sn_13",-1.00580555555556
2021-11-25,"sn_08",-2.89960416666667
2021-11-25,"sn_11",-4.00413888888889
2021-11-25,"sn_12",-38.860625
2021-11-25,"sn_13",-1.18470833333333
2021-11-26,"sn_08",-2.8270625
2021-11-26,"sn_11",-2.80458333333333
2021-11-26,"sn_12",-37.0331944444444
2021-11-26,"sn_13",-1.07061805555556
2021-11-27,"sn_08",-2.87040972222222
2021-11-27,"sn_11",-1.81174305555556
2021-11-27,"sn_12",-36.7986805555556
2021-11-27,"sn_13",-1.23315277777778
2021-11-28,"sn_08",-2.92765972222222
2021-11-28,"sn_11",-1.68801388888889
2021-11-28,"sn_12",-36.8966666666667
2021-11-28,"sn_13",-1.13829166666667
2021-11-29,"sn_08",-2.29701388888889
2021-11-29,"sn_11",-1.12116666666667
2021-11-29,"sn_12",-32.8126388888889
2021-11-29,"sn_13",-0.952555555555555
2021-11-30,"sn_08",-2.55634027777778
2021-11-30,"sn_11",-0.921756944444444
2021-11-30,"sn_12",-31.3945138888889
2021-11-30,"sn_13",-1.12765972222222
2021-12-01,"sn_08",-2.66481944444444
2021-12-01,"sn_11",-1.13095138888889
2021-12-01,"sn_12",-33.9258333333333
2021-12-01,"sn_13",-1.17259027777778
2021-12-02,"sn_08",-2.04936805555556
2021-12-02,"sn_11",-0.604416666666667
2021-12-02,"sn_12",-31.1772916666667
2021-12-02,"sn_13",-1.00936111111111
2021-12-03,"sn_08",-1.71786111111111
2021-12-03,"sn_11",0.0450625
2021-12-03,"sn_12",-21.8150694444444
2021-12-03,"sn_13",-0.861173611111111
2021-12-04,"sn_08",-1.84274305555556
2021-12-04,"sn_11",-0.421381944444444
2021-12-04,"sn_12",-22.0157638888889
2021-12-04,"sn_13",-1.24248611111111
2021-12-05,"sn_08",-2.69075694444444
2021-12-05,"sn_11",-0.568395833333333
2021-12-05,"sn_12",-31.0970138888889
2021-12-05,"sn_13",-1.92606944444444
2021-12-06,"sn_08",-4.45341666666667
2021-12-06,"sn_11",-2.16134722222222
2021-12-06,"sn_12",-43.0263194444444
2021-12-06,"sn_13",-2.98009722222222
2021-12-07,"sn_08",-4.40139583333333
2021-12-07,"sn_11",-3.53215277777778
2021-12-07,"sn_13",-2.31440277777778
2021-12-08,"sn_08",-4.53321527777778
2021-12-08,"sn_11",-3.9498125
2021-12-08,"sn_13",-2.58581944444444
2021-12-09,"sn_08",-3.78795833333333
2021-12-09,"sn_11",-3.50276388888889
2021-12-09,"sn_12",-42.9570138888889
2021-12-09,"sn_13",-1.74063888888889
2021-12-10,"sn_08",-3.04425
2021-12-10,"sn_11",-3.04067361111111
2021-12-10,"sn_13",-1.24672222222222
2021-12-11,"sn_08",-3.40679861111111
2021-12-11,"sn_11",-6.73299305555556
2021-12-11,"sn_13",-1.75261805555556
2021-12-12,"sn_08",-3.499125
2021-12-12,"sn_11",-4.84702083333333
2021-12-12,"sn_13",-2.46064583333333
2021-12-13,"sn_08",-3.40002777777778
2021-12-13,"sn_11",-3.09192361111111
2021-12-13,"sn_13",-2.56372916666667
2021-12-14,"sn_08",-3.237875
2021-12-14,"sn_11",-2.17427777777778
2021-12-14,"sn_12",-34.6776388888889
2021-12-15,"sn_08",-3.48554861111111
2021-12-15,"sn_11",-4.03605555555556
2021-12-15,"sn_13",-2.69165972222222
2021-12-16,"sn_08",-4.35233333333333
2021-12-16,"sn_11",-6.16168055555556
2021-12-16,"sn_13",-2.88539583333333
2021-12-17,"sn_08",-4.64815972222222
2021-12-17,"sn_11",-6.69236111111111
2021-12-17,"sn_13",-2.68077777777778
2021-12-18,"sn_08",-5.9398125
2021-12-18,"sn_11",-8.15622222222222
2021-12-18,"sn_13",-4.21327777777778
2021-12-19,"sn_08",-5.87607638888889
2021-12-19,"sn_11",-6.29760416666667
2021-12-19,"sn_13",-4.11231944444444
2021-12-20,"sn_08",-5.27050694444444
2021-12-20,"sn_11",-4.85982638888889
2021-12-20,"sn_13",-3.739625
2021-12-21,"sn_08",-5.46988888888889
2021-12-21,"sn_11",-4.70311111111111
2021-12-21,"sn_13",-4.1259375
2021-12-22,"sn_08",-5.58791666666667
2021-12-22,"sn_11",-4.48125
2021-12-22,"sn_13",-4.23485416666667
2021-12-23,"sn_08",-4.92781944444444
2021-12-23,"sn_11",-4.25856944444444
2021-12-23,"sn_12",-61.9922222222222
2021-12-23,"sn_13",-3.16611111111111
2021-12-24,"sn_08",-3.75977777777778
2021-12-24,"sn_11",-3.59796527777778
2021-12-24,"sn_12",-61.1084722222222
2021-12-24,"sn_13",-1.9880625
2021-12-25,"sn_08",-3.18320833333333
2021-12-25,"sn_11",-3.29673611111111
2021-12-25,"sn_12",-60.3189583333333
2021-12-25,"sn_13",-1.47897222222222
2021-12-26,"sn_08",-2.96733333333333
2021-12-26,"sn_11",-3.28727083333333
2021-12-26,"sn_12",-63.2011111111111
2021-12-26,"sn_13",-1.25822916666667
2021-12-27,"sn_08",-2.72049305555556
2021-12-27,"sn_11",-3.28159027777778
2021-12-27,"sn_12",-65.1572222222222
2021-12-27,"sn_13",-1.25286805555556
2021-12-28,"sn_08",-2.66393055555556
2021-12-28,"sn_11",-3.27753472222222
2021-12-28,"sn_13",-1.24604861111111
2021-12-29,"sn_08",-2.65063194444444
2021-12-29,"sn_11",-3.53811805555556
2021-12-29,"sn_13",-1.24725
2021-12-30,"sn_08",-2.66247222222222
2021-12-30,"sn_11",-3.60095138888889
2021-12-30,"sn_13",-1.25220138888889
2021-12-31,"sn_08",-2.67013888888889
2021-12-31,"sn_11",-3.60452777777778
2021-12-31,"sn_13",-1.25461111111111
2022-01-01,"sn_08",-2.65534027777778
2022-01-01,"sn_11",-3.58645138888889
2022-01-01,"sn_13",-1.2343125
2022-01-02,"sn_08",-2.66354861111111
2022-01-02,"sn_11",-3.60908333333333
2022-01-02,"sn_13",-1.25988194444444
2022-01-03,"sn_08",-2.67588888888889
2022-01-03,"sn_11",-3.61911805555556
2022-01-03,"sn_13",-1.34011805555556
2022-01-04,"sn_08",-2.67193055555556
2022-01-04,"sn_11",-3.60433333333333
2022-01-04,"sn_13",-2.26784722222222
2022-01-05,"sn_08",-2.69411111111111
2022-01-05,"sn_11",-3.6071875
2022-01-05,"sn_13",-1.95582638888889
2022-01-06,"sn_08",-2.71356944444444
2022-01-06,"sn_11",-3.6170625
2022-01-06,"sn_13",-1.68291666666667
2022-01-07,"sn_08",-2.6895
2022-01-07,"sn_11",-3.62894444444444
2022-01-07,"sn_13",-1.36960416666667
2022-01-08,"sn_08",-2.67203472222222
2022-01-08,"sn_11",-3.61584027777778
2022-01-08,"sn_13",-1.65815972222222
2022-01-09,"sn_08",-2.76038194444444
2022-01-09,"sn_11",-3.61067361111111
2022-01-09,"sn_12",-63.0729861111111
2022-01-09,"sn_13",-2.15763194444444
2022-01-10,"sn_08",-3.15480555555556
2022-01-10,"sn_11",-3.76872916666667
2022-01-10,"sn_12",-62.3788194444444
2022-01-10,"sn_13",-2.51719444444444
2022-01-11,"sn_08",-3.32007638888889
2022-01-11,"sn_11",-3.9500625
2022-01-11,"sn_12",-64.7858333333333
2022-01-11,"sn_13",-2.50570138888889
2022-01-12,"sn_08",-3.50720138888889
2022-01-12,"sn_11",-3.94632638888889
2022-01-12,"sn_12",-66.7186805555556
2022-01-12,"sn_13",-2.60096527777778
2022-01-13,"sn_08",-3.8643125
2022-01-13,"sn_11",-3.9574375
2022-01-13,"sn_12",-66.7180555555556
2022-01-13,"sn_13",-2.51278472222222
2022-01-14,"sn_08",-4.09280555555556
2022-01-14,"sn_11",-3.62577777777778
2022-01-14,"sn_13",-2.55884722222222
2022-01-15,"sn_08",-4.05875694444444
2022-01-15,"sn_11",-3.76686805555556
2022-01-15,"sn_13",-3.26235416666667
2022-01-16,"sn_08",-4.96231944444444
2022-01-16,"sn_11",-4.17502083333333
2022-01-16,"sn_13",-3.30985416666667
2022-01-17,"sn_08",-4.77174305555556
2022-01-17,"sn_11",-4.27601388888889
2022-01-17,"sn_13",-3.08140972222222
2022-01-18,"sn_08",-4.67744444444444
2022-01-18,"sn_11",-4.266
2022-01-18,"sn_13",-2.96577083333333
2022-01-19,"sn_08",-4.99359722222222
2022-01-19,"sn_11",-4.39254861111111
2022-01-19,"sn_13",-3.13925694444444
2022-01-20,"sn_08",-5.67286805555556
2022-01-20,"sn_11",-4.74113888888889
2022-01-20,"sn_13",-3.66880555555556
2022-01-21,"sn_08",-5.60869444444444
2022-01-21,"sn_11",-4.91926388888889
2022-01-21,"sn_13",-3.53682638888889
2022-01-22,"sn_08",-4.83834722222222
2022-01-22,"sn_11",-4.9173125
2022-01-22,"sn_13",-2.98543055555556
2022-01-23,"sn_08",-4.57945833333333
2022-01-23,"sn_11",-4.89452083333333
2022-01-23,"sn_13",-2.59247916666667
2022-01-24,"sn_08",-4.89397916666667
2022-01-24,"sn_11",-4.6136875
2022-01-24,"sn_13",-3.12383333333333
2022-01-25,"sn_08",-5.2575
2022-01-25,"sn_11",-4.88106944444444
2022-01-25,"sn_13",-3.56111111111111
2022-01-26,"sn_08",-5.38033333333333
2022-01-26,"sn_11",-5.18976388888889
2022-01-26,"sn_13",-3.36263888888889
2022-01-27,"sn_08",-5.59436805555556
2022-01-27,"sn_11",-5.49565972222222
2022-01-27,"sn_13",-3.99157638888889
2022-01-28,"sn_08",-5.6071875
2022-01-28,"sn_11",-5.88747222222222
2022-01-28,"sn_13",-4.38015277777778
2022-01-29,"sn_08",-5.59827777777778
2022-01-29,"sn_11",-5.87869444444444
2022-01-29,"sn_13",-4.41694444444444
2022-01-30,"sn_08",-5.69414583333333
2022-01-30,"sn_11",-5.61351388888889
2022-01-30,"sn_13",-4.43154166666667
2022-01-31,"sn_08",-5.93949305555556
2022-01-31,"sn_11",-5.50633333333333
2022-01-31,"sn_13",-4.47811111111111
2022-02-01,"sn_08",-6.17225694444444
2022-02-01,"sn_11",-5.65485416666667
2022-02-01,"sn_13",-4.75971527777778
2022-02-02,"sn_08",-6.06277083333333
2022-02-02,"sn_11",-5.90041666666667
2022-02-02,"sn_13",-4.37930555555556
2022-02-03,"sn_08",-6.47270138888889
2022-02-03,"sn_11",-6.20649305555556
2022-02-03,"sn_13",-4.37803472222222
2022-02-04,"sn_08",-6.995125
2022-02-04,"sn_11",-6.86211805555556
2022-02-04,"sn_13",-5.0015625
2022-02-05,"sn_08",-6.87886111111111
2022-02-05,"sn_11",-6.65349305555556
2022-02-05,"sn_13",-5.05534722222222
2022-02-06,"sn_08",-6.97321527777778
2022-02-06,"sn_11",-6.62034722222222
2022-02-06,"sn_13",-5.05588194444444
2022-02-07,"sn_08",-7.296875
2022-02-07,"sn_11",-6.73274305555556
2022-02-07,"sn_13",-5.06865277777778
2022-02-08,"sn_08",-6.99279861111111
2022-02-08,"sn_11",-6.28158333333333
2022-02-08,"sn_13",-5.06475
2022-02-09,"sn_08",-6.90127777777778
2022-02-09,"sn_11",-6.2778125
2022-02-09,"sn_13",-5.04211805555556
2022-02-10,"sn_08",-6.40676388888889
2022-02-10,"sn_11",-5.90638888888889
2022-02-10,"sn_13",-4.56511111111111
2022-02-11,"sn_08",-6.07729166666667
2022-02-11,"sn_11",-5.58928472222222
2022-02-11,"sn_13",-4.39822222222222
2022-02-12,"sn_08",-6.05459722222222
2022-02-12,"sn_11",-5.72329166666667
2022-02-12,"sn_13",-4.38740972222222
2022-02-13,"sn_08",-6.62934027777778
2022-02-13,"sn_11",-6.11015277777778
2022-02-13,"sn_13",-4.40878472222222
2022-02-14,"sn_08",-6.66295138888889
2022-02-14,"sn_11",-5.84520138888889
2022-02-14,"sn_13",-4.53095138888889
2022-02-15,"sn_08",-6.61816666666667
2022-02-15,"sn_11",-5.56905555555556
2022-02-15,"sn_13",-4.69877083333333
2022-02-16,"sn_08",-6.38893055555556
2022-02-16,"sn_11",-5.46815972222222
2022-02-16,"sn_13",-4.55077777777778
2022-02-17,"sn_08",-6.22747222222222
2022-02-17,"sn_11",-5.55291666666667
2022-02-17,"sn_13",-4.42491666666667
2022-02-18,"sn_08",-6.76777777777778
2022-02-18,"sn_11",-6.51739583333333
2022-02-18,"sn_13",-5.02974305555556
2022-02-19,"sn_08",-6.87797222222222
2022-02-19,"sn_11",-6.38788194444444
2022-02-19,"sn_13",-5.06859722222222
2022-02-20,"sn_08",-6.73347222222222
2022-02-20,"sn_11",-6.04015972222222
2022-02-20,"sn_13",-5.07545833333333
2022-02-21,"sn_08",-6.46007638888889
2022-02-21,"sn_11",-5.64047916666667
2022-02-21,"sn_13",-5.04147222222222
2022-02-22,"sn_08",-6.60384027777778
2022-02-22,"sn_11",-5.69248611111111
2022-02-22,"sn_13",-4.97597916666667
2022-02-23,"sn_08",-7.12594444444444
2022-02-23,"sn_11",-6.65916666666667
2022-02-23,"sn_13",-5.18661805555556
2022-02-24,"sn_08",-6.62518055555556
2022-02-24,"sn_11",-6.84266206896552
2022-02-24,"sn_13",-5.03734027777778
2022-02-25,"sn_08",-6.62034027777778
2022-02-25,"sn_11",-7.91615277777778
2022-02-25,"sn_13",-5.17025
2022-02-26,"sn_08",-6.63824305555556
2022-02-26,"sn_11",-8.45979166666667
2022-02-26,"sn_13",-5.29484027777778
2022-02-27,"sn_08",-6.65788194444444
2022-02-27,"sn_11",-7.927625
2022-02-27,"sn_13",-5.32891666666667
2022-02-28,"sn_08",-6.47854861111111
2022-02-28,"sn_11",-6.67793055555556
2022-02-28,"sn_13",-5.0976875
2022-03-01,"sn_08",-5.75159027777778
2022-03-01,"sn_11",-5.33440972222222
2022-03-01,"sn_13",-4.88986111111111
2022-03-02,"sn_08",-5.15917361111111
2022-03-02,"sn_11",-3.38080555555556
2022-03-02,"sn_13",-4.43718055555556
2022-03-03,"sn_08",-4.90744444444444
2022-03-03,"sn_11",-2.22082638888889
2022-03-03,"sn_13",-4.17720138888889
2022-03-04,"sn_08",-4.77496527777778
2022-03-04,"sn_11",-1.65252083333333
2022-03-04,"sn_13",-3.89357638888889
2022-03-05,"sn_08",-5.13799305555556
2022-03-05,"sn_11",-2.34033333333333
2022-03-05,"sn_12",-55.0989583333333
2022-03-05,"sn_13",-3.7665625
2022-03-06,"sn_08",-5.26120138888889
2022-03-06,"sn_11",-4.17705555555556
2022-03-06,"sn_12",-55.4320138888889
2022-03-06,"sn_13",-4.14514583333333
2022-03-07,"sn_08",-5.208375
2022-03-07,"sn_11",-4.36423611111111
2022-03-07,"sn_12",-55.7152777777778
2022-03-07,"sn_13",-4.35007638888889
2022-03-08,"sn_08",-5.39273611111111
2022-03-08,"sn_11",-6.74578472222222
2022-03-08,"sn_12",-55.2021527777778
2022-03-08,"sn_13",-4.56078985507246
2022-03-09,"sn_08",-5.72077083333333
2022-03-09,"sn_11",-7.747625
2022-03-09,"sn_12",-55.9936805555556
2022-03-09,"sn_13",-5.04782638888889
2022-03-10,"sn_08",-5.63838888888889
2022-03-10,"sn_11",-7.30329861111111
2022-03-10,"sn_12",-55.6984722222222
2022-03-10,"sn_13",-5.0335
2022-03-11,"sn_08",-5.70270138888889
2022-03-11,"sn_11",-7.861
2022-03-11,"sn_13",-5.01136170212766
2022-03-12,"sn_08",-6.00013194444444
2022-03-12,"sn_11",-8.02799305555556
2022-03-12,"sn_13",-5.06536170212766
2022-03-13,"sn_08",-5.83692361111111
2022-03-13,"sn_11",-5.79996527777778
2022-03-13,"sn_12",-54.7653472222222
2022-03-13,"sn_13",-5.12010416666667
2022-03-14,"sn_08",-5.84919444444444
2022-03-14,"sn_11",-4.27409722222222
2022-03-14,"sn_12",-55.6204861111111
2022-03-14,"sn_13",-4.49385714285714
2022-03-15,"sn_08",-6.15022916666667
2022-03-15,"sn_11",-4.49980555555556
2022-03-15,"sn_12",-55.2049305555556
2022-03-15,"sn_13",-4.60760975609756
2022-03-16,"sn_08",-5.87409722222222
2022-03-16,"sn_11",-4.16763888888889
2022-03-16,"sn_12",-54.1859722222222
2022-03-16,"sn_13",-4.43304861111111
2022-03-17,"sn_08",-5.39632638888889
2022-03-17,"sn_11",-3.62081944444444
2022-03-17,"sn_12",-54.3565277777778
2022-03-17,"sn_13",-4.26754861111111
2022-03-18,"sn_08",-5.02659722222222
2022-03-18,"sn_11",-3.61915277777778
2022-03-18,"sn_12",-52.7175694444444
2022-03-18,"sn_13",-3.80797222222222
2022-03-19,"sn_08",-5.13772222222222
2022-03-19,"sn_11",-3.91528472222222
2022-03-19,"sn_13",-3.77160416666667
2022-03-20,"sn_08",-5.4439375
2022-03-20,"sn_11",-3.861
2022-03-20,"sn_13",-3.73505555555556
2022-03-21,"sn_11",-3.04847222222222
2022-03-21,"sn_13",-3.45533333333333
2022-03-22,"sn_11",-4.15494444444444
2022-03-22,"sn_13",-3.26024305555556
2022-03-23,"sn_11",-5.24889583333333
2022-03-23,"sn_13",-3.4686875
2022-03-24,"sn_11",-4.54265277777778
2022-03-24,"sn_13",-3.5854375
2022-03-25,"sn_11",-3.25741666666667
2022-03-25,"sn_13",-3.22951388888889
2022-03-26,"sn_11",-2.03536805555556
2022-03-26,"sn_13",-3.16159722222222
2022-03-27,"sn_11",-0.662743055555556
2022-03-27,"sn_13",-3.16284722222222
2022-03-28,"sn_11",-0.0947638888888889
2022-03-28,"sn_13",-2.71497916666667
2022-03-29,"sn_11",-0.516381944444445
2022-03-29,"sn_13",-2.51634027777778
2022-03-30,"sn_11",-0.516923611111111
2022-03-30,"sn_13",-2.49545833333333
2022-03-31,"sn_11",-0.534020833333333
2022-03-31,"sn_13",-2.51513194444444
2022-04-01,"sn_11",-0.532055555555556
2022-04-01,"sn_13",-2.50820138888889
2022-04-02,"sn_11",-0.545375
2022-04-02,"sn_13",-2.53422222222222
2022-04-03,"sn_11",-0.541618055555556
2022-04-03,"sn_13",-2.51725
2022-04-04,"sn_11",-0.962916666666667
2022-04-04,"sn_13",-2.51577777777778
2022-04-05,"sn_11",-1.14486111111111
2022-04-05,"sn_13",-2.49859722222222
2022-04-06,"sn_11",-1.5008125
2022-04-06,"sn_13",-2.55536111111111
2022-04-07,"sn_11",-1.79948611111111
2022-04-07,"sn_13",-3.04585416666667
2022-04-08,"sn_11",-2.03277083333333
2022-04-08,"sn_13",-3.14691666666667
2022-04-09,"sn_11",-1.8545
2022-04-09,"sn_13",-3.09092361111111
2022-04-10,"sn_11",-1.73505555555556
2022-04-10,"sn_13",-2.62215972222222
2022-04-11,"sn_11",-1.83289583333333
2022-04-11,"sn_13",-2.52488194444444
2022-04-12,"sn_11",-2.04097222222222
2022-04-12,"sn_13",-2.49547222222222
2022-04-13,"sn_11",-2.45754861111111
2022-04-13,"sn_13",-2.46823611111111
2022-04-14,"sn_11",-3.12146527777778
2022-04-14,"sn_13",-2.53694444444444
2022-04-15,"sn_11",-3.31147916666667
2022-04-15,"sn_13",-2.66599305555556
2022-04-16,"sn_11",-3.16055555555556
2022-04-16,"sn_13",-2.64942361111111
2022-04-17,"sn_11",-2.99281944444444
2022-04-17,"sn_13",-2.58400694444444
2022-04-18,"sn_11",-2.91732638888889
2022-04-18,"sn_13",-2.53704166666667
2022-04-19,"sn_11",-2.70626388888889
2022-04-19,"sn_13",-2.53979861111111
2022-04-20,"sn_11",-2.44741666666667
2022-04-20,"sn_13",-2.52961111111111
2022-04-21,"sn_11",-1.85888888888889
2022-04-21,"sn_13",-1.98122916666667
2022-04-22,"sn_11",-0.589541666666667
2022-04-22,"sn_13",-0.717215277777778
2022-04-23,"sn_11",-0.523256944444444
2022-04-23,"sn_13",-0.672375
2022-04-24,"sn_11",-0.528284722222222
2022-04-24,"sn_13",-0.682013888888889
2022-04-25,"sn_11",-0.5345625
2022-04-25,"sn_13",-0.688659722222222
2022-04-26,"sn_11",-0.545993055555556
2022-04-26,"sn_13",-0.695215277777778
2022-04-27,"sn_11",-0.554625
2022-04-27,"sn_13",-0.6806875
2022-04-28,"sn_11",-0.5566875
2022-04-28,"sn_13",-0.651486111111111
2022-04-29,"sn_11",-0.531861111111111
2022-04-29,"sn_13",-0.657722222222222
2022-04-30,"sn_11",-0.532763888888889
2022-04-30,"sn_13",-0.574388888888889
2022-05-01,"sn_11",-0.536611111111111
2022-05-01,"sn_13",-0.559659722222222
2022-05-02,"sn_11",-0.538270833333333
2022-05-02,"sn_13",-0.538548611111111
2022-05-03,"sn_11",-0.545090277777778
2022-05-03,"sn_13",-0.517798611111111
2022-05-04,"sn_11",-0.531083333333333
2022-05-04,"sn_13",-0.526506944444444
2022-05-05,"sn_11",-0.537111111111111
2022-05-05,"sn_13",-0.488729166666667
2022-05-06,"sn_11",-0.544243055555556
2022-05-06,"sn_13",-0.461694444444444
2022-05-07,"sn_11",-0.541777777777778
2022-05-07,"sn_13",-0.433083333333333
2022-05-08,"sn_11",-0.540020833333333
2022-05-08,"sn_13",-0.4228125
2022-05-09,"sn_11",-0.535979166666667
2022-05-09,"sn_13",-0.409986111111111
2022-05-10,"sn_11",-0.536555555555556
2022-05-10,"sn_13",-0.407118055555556
2022-05-11,"sn_11",-0.539861111111111
2022-05-11,"sn_13",-0.3761875
2022-05-12,"sn_11",-0.534354166666667
2022-05-12,"sn_13",-0.386256944444444
2022-05-13,"sn_11",-0.532291666666667
2022-05-13,"sn_13",-0.388430555555556
2022-05-14,"sn_11",-0.533333333333333
2022-05-14,"sn_13",-0.356895833333333
2022-05-15,"sn_11",-0.529729166666667
2022-05-15,"sn_13",-0.334388888888889
2022-05-16,"sn_11",-0.180875
2022-05-16,"sn_13",-0.315347222222222
2022-05-17,"sn_11",2.26972222222222
2022-05-17,"sn_13",-0.294277777777778
2022-05-18,"sn_11",3.25198611111111
2022-05-18,"sn_13",-0.310256944444444
2022-05-19,"sn_11",3.09123611111111
2022-05-19,"sn_13",-0.307347222222222
2022-05-20,"sn_11",0.763513888888889
2022-05-20,"sn_13",-0.331194444444444
2022-05-21,"sn_11",-0.1099375
2022-05-21,"sn_13",-0.348027777777778
2022-05-22,"sn_11",-0.260590277777778
2022-05-22,"sn_13",-0.320694444444444
2022-05-23,"sn_11",-0.298472222222222
2022-05-23,"sn_13",-0.292944444444444
2022-05-24,"sn_11",-0.346805555555556
2022-05-24,"sn_13",-0.288284722222222
2022-05-25,"sn_11",-0.381548611111111
2022-05-25,"sn_13",-0.299208333333333
2022-05-26,"sn_11",-0.383798611111111
2022-05-26,"sn_13",-0.265368055555556
2022-05-27,"sn_11",-0.383673611111111
2022-05-27,"sn_13",-0.257881944444444
2022-05-28,"sn_11",-0.382854166666667
2022-05-28,"sn_13",-0.251958333333333
2022-05-29,"sn_11",-0.395979166666667
2022-05-29,"sn_13",-0.268138888888889
2022-05-30,"sn_11",-0.378736111111111
2022-05-30,"sn_13",-0.282298611111111
2022-05-31,"sn_11",-0.468368055555556
2022-05-31,"sn_13",-0.278819444444444
2022-06-01,"sn_11",-0.462090277777778
2022-06-01,"sn_13",-0.242729166666667
2022-06-02,"sn_11",-0.436708333333333
2022-06-02,"sn_12",-22.2388333333333
2022-06-02,"sn_13",-0.242048611111111
2022-06-03,"sn_08",-0.819875
2022-06-03,"sn_11",0.2329375
2022-06-03,"sn_12",-20.3141666666667
2022-06-03,"sn_13",-0.232784722222222
2022-06-04,"sn_08",-0.820965277777778
2022-06-04,"sn_11",4.20775694444444
2022-06-04,"sn_12",-19.1634722222222
2022-06-04,"sn_13",-0.228923611111111
2022-06-05,"sn_08",-0.821652777777778
2022-06-05,"sn_11",6.02908333333333
2022-06-05,"sn_12",-18.154375
2022-06-05,"sn_13",-0.239368055555556
2022-06-06,"sn_08",-0.238145833333333
2022-06-06,"sn_11",5.94365972222222
2022-06-06,"sn_12",-16.576875
2022-06-06,"sn_13",-0.225291666666667
2022-06-07,"sn_08",0.869583333333333
2022-06-07,"sn_11",5.68042361111111
2022-06-07,"sn_12",-17.0690277777778
2022-06-07,"sn_13",-0.0386319444444444
2022-06-08,"sn_08",2.41030555555556
2022-06-08,"sn_11",7.57695138888889
2022-06-08,"sn_12",-20.7717361111111
2022-06-08,"sn_13",1.356125
2022-06-09,"sn_08",2.65311805555556
2022-06-09,"sn_11",8.27446527777778
2022-06-09,"sn_12",-28.6446527777778
2022-06-09,"sn_13",2.14054166666667
2022-06-10,"sn_08",3.3843125
2022-06-10,"sn_11",9.42941666666667
2022-06-10,"sn_12",-28.7479861111111
2022-06-10,"sn_13",2.80415277777778
2022-06-11,"sn_08",4.873625
2022-06-11,"sn_11",11.7561805555556
2022-06-11,"sn_12",-28.1073611111111
2022-06-11,"sn_13",3.86949305555556
2022-06-12,"sn_08",5.56688194444444
2022-06-12,"sn_11",12.7951805555556
2022-06-12,"sn_12",-27.9875694444444
2022-06-12,"sn_13",3.96730555555556
2022-06-13,"sn_08",5.55811111111111
2022-06-13,"sn_11",13.2075
2022-06-13,"sn_12",-29.0117361111111
2022-06-13,"sn_13",4.03670833333333
2022-06-14,"sn_08",4.41235416666667
2022-06-14,"sn_11",10.6651805555556
2022-06-14,"sn_12",-28.8878472222222
2022-06-14,"sn_13",2.81168055555556
2022-06-15,"sn_08",3.26201388888889
2022-06-15,"sn_11",9.60698611111111
2022-06-15,"sn_12",-30.2594444444444
2022-06-15,"sn_13",1.84890277777778
2022-06-16,"sn_08",5.02129166666667
2022-06-16,"sn_11",12.0602569444444
2022-06-16,"sn_12",-29.3527083333333
2022-06-16,"sn_13",2.97955555555556
2022-06-17,"sn_08",5.51774305555556
2022-06-17,"sn_11",10.4728402777778
2022-06-17,"sn_12",-25.9971527777778
2022-06-17,"sn_13",3.10968055555556
2022-06-18,"sn_08",5.45895138888889
2022-06-18,"sn_11",9.58730555555556
2022-06-18,"sn_12",-25.6494444444444
2022-06-18,"sn_13",4.14244444444444
2022-06-19,"sn_08",5.67021527777778
2022-06-19,"sn_11",9.23429166666667
2022-06-19,"sn_12",-25.9467361111111
2022-06-19,"sn_13",2.23852083333333
2022-06-20,"sn_08",6.16344444444444
2022-06-20,"sn_11",10.5720763888889
2022-06-20,"sn_12",-25.2294444444444
2022-06-20,"sn_13",1.2914375
2022-06-21,"sn_08",6.3145
2022-06-21,"sn_11",12.1792638888889
2022-06-21,"sn_12",-28.9318055555556
2022-06-21,"sn_13",1.63089583333333
2022-06-22,"sn_08",6.13239583333333
2022-06-22,"sn_11",11.5135208333333
2022-06-22,"sn_12",-27.2304861111111
2022-06-22,"sn_13",1.5166875
2022-06-23,"sn_08",5.41105555555556
2022-06-23,"sn_11",10.0817916666667
2022-06-23,"sn_12",-26.5442361111111
2022-06-23,"sn_13",1.52504166666667
2022-06-24,"sn_08",5.99663888888889
2022-06-24,"sn_11",10.0214027777778
2022-06-24,"sn_12",-25.1611805555556
2022-06-24,"sn_13",1.95942361111111
2022-06-25,"sn_08",6.52534027777778
2022-06-25,"sn_11",11.3136388888889
2022-06-25,"sn_12",-25.803125
2022-06-25,"sn_13",2.22190277777778
2022-06-26,"sn_08",5.98624305555556
2022-06-26,"sn_11",9.10867361111111
2022-06-26,"sn_12",-30.7440277777778
2022-06-26,"sn_13",2.10900694444444
2022-06-27,"sn_08",6.00585416666667
2022-06-27,"sn_11",9.0921875
2022-06-27,"sn_12",-29.8774125874126
2022-06-27,"sn_13",2.41965972222222
2022-06-28,"sn_08",6.96551388888889
2022-06-28,"sn_11",10.6426527777778
2022-06-28,"sn_12",-33.1625
2022-06-28,"sn_13",2.95390277777778
2022-06-29,"sn_08",6.53115277777778
2022-06-29,"sn_11",9.91118055555556
2022-06-29,"sn_12",-32.3865277777778
2022-06-29,"sn_13",2.85924305555556
2022-06-30,"sn_08",5.85386111111111
2022-06-30,"sn_11",8.11053472222222
2022-06-30,"sn_12",-32.4370138888889
2022-06-30,"sn_13",2.92942361111111
2022-07-01,"sn_08",7.42727777777778
2022-07-01,"sn_11",11.3095694444444
2022-07-01,"sn_12",-30.3977083333333
2022-07-01,"sn_13",3.70132638888889
2022-07-02,"sn_08",8.36411111111111
2022-07-02,"sn_11",13.0786527777778
2022-07-02,"sn_12",-24.6174825174825
2022-07-02,"sn_13",4.059375
2022-07-03,"sn_08",7.92102083333333
2022-07-03,"sn_11",12.28875
2022-07-03,"sn_12",-22.566875
2022-07-03,"sn_13",3.843875
2022-07-04,"sn_08",8.29157638888889
2022-07-04,"sn_11",12.8481944444444
2022-07-04,"sn_12",-23.0857638888889
2022-07-04,"sn_13",4.24184027777778
2022-07-05,"sn_08",7.43536805555556
2022-07-05,"sn_11",10.2607916666667
2022-07-05,"sn_12",-31.4650694444444
2022-07-05,"sn_13",3.82797222222222
2022-07-06,"sn_08",8.31815972222222
2022-07-06,"sn_11",11.5231319444444
2022-07-06,"sn_12",-35.1600694444444
2022-07-06,"sn_13",4.41924305555556
2022-07-07,"sn_08",9.02527777777778
2022-07-07,"sn_11",12.6361944444444
2022-07-07,"sn_12",-36.5515277777778
2022-07-07,"sn_13",4.91127777777778
2022-07-08,"sn_08",9.77457638888889
2022-07-08,"sn_11",14.8725625
2022-07-08,"sn_12",-36.5284027777778
2022-07-08,"sn_13",5.32297916666667
2022-07-09,"sn_08",10.4704861111111
2022-07-09,"sn_11",16.3927083333333
2022-07-09,"sn_12",-35.4276388888889
2022-07-09,"sn_13",5.66806944444444
2022-07-10,"sn_08",9.90982638888889
2022-07-10,"sn_11",14.9427083333333
2022-07-10,"sn_12",-36.8236805555556
2022-07-10,"sn_13",5.47324305555556
2022-07-11,"sn_08",10.5525138888889
2022-07-11,"sn_11",16.0625
2022-07-11,"sn_12",-39.7507638888889
2022-07-11,"sn_13",6.03177777777778
2022-07-12,"sn_08",10.1510138888889
2022-07-12,"sn_11",15.4991666666667
2022-07-12,"sn_12",-29.2209722222222
2022-07-12,"sn_13",6.13863194444444
2022-07-13,"sn_08",10.0940208333333
2022-07-13,"sn_11",15.7370833333333
2022-07-13,"sn_12",-23.1036805555556
2022-07-13,"sn_13",6.53092361111111
2022-07-14,"sn_08",10.1733333333333
2022-07-14,"sn_11",15.3850694444444
2022-07-14,"sn_12",-20.7155555555556
2022-07-14,"sn_13",7.28052777777778
2022-07-15,"sn_08",9.71130555555555
2022-07-15,"sn_11",14.8374305555556
2022-07-15,"sn_12",-21.0983333333333
2022-07-15,"sn_13",8.05039583333333
2022-07-16,"sn_08",9.92800694444444
2022-07-16,"sn_11",13.1986111111111
2022-07-16,"sn_12",-24.4956944444444
2022-07-16,"sn_13",8.24279166666667
2022-07-17,"sn_08",10.6938194444444
2022-07-17,"sn_11",15.7013194444444
2022-07-17,"sn_12",-20.055625
2022-07-17,"sn_13",9.40258333333333
2022-07-18,"sn_08",10.4784027777778
2022-07-18,"sn_11",15.0193055555556
2022-07-18,"sn_12",-19.601875
2022-07-18,"sn_13",9.32069444444445
2022-07-19,"sn_08",9.69277777777778
2022-07-19,"sn_11",13.7308333333333
2022-07-19,"sn_12",-18.7769444444444
2022-07-19,"sn_13",8.76327777777778
2022-07-20,"sn_08",9.49447916666667
2022-07-20,"sn_11",13.1575694444444
2022-07-20,"sn_12",-19.4160416666667
2022-07-20,"sn_13",8.83250694444444
2022-07-21,"sn_08",9.20276388888889
2022-07-21,"sn_11",12.0481041666667
2022-07-21,"sn_12",-24.6892361111111
2022-07-21,"sn_13",8.73990277777778
2022-07-22,"sn_08",9.81684027777778
2022-07-22,"sn_11",13.8246875
2022-07-22,"sn_12",-21.4961111111111
2022-07-22,"sn_13",9.5479375
2022-07-23,"sn_08",8.65204166666667
2022-07-23,"sn_11",11.7063194444444
2022-07-23,"sn_12",-22.055625
2022-07-23,"sn_13",8.86826388888889
2022-07-24,"sn_08",7.40415972222222
2022-07-24,"sn_11",9.54728472222222
2022-07-24,"sn_12",-25.4136111111111
2022-07-24,"sn_13",7.82911111111111
2022-07-25,"sn_08",9.15508333333333
2022-07-25,"sn_11",11.79675
2022-07-25,"sn_12",-26.2909722222222
2022-07-25,"sn_13",8.89556944444444
2022-07-26,"sn_08",9.58847222222222
2022-07-26,"sn_11",12.59875
2022-07-26,"sn_12",-23.5022222222222
2022-07-26,"sn_13",9.47824305555556
2022-07-27,"sn_08",10.3559861111111
2022-07-27,"sn_11",14.8268055555556
2022-07-27,"sn_12",-23.275625
2022-07-27,"sn_13",10.1864444444444
2022-07-28,"sn_08",9.12397222222222
2022-07-28,"sn_11",12.275
2022-07-28,"sn_12",-22.6068055555556
2022-07-28,"sn_13",9.42868055555556
2022-07-29,"sn_08",8.09184722222222
2022-07-29,"sn_11",10.832
2022-07-29,"sn_12",-23.6205555555556
2022-07-29,"sn_13",8.39443055555556
2022-07-30,"sn_08",8.69045138888889
2022-07-30,"sn_11",11.6112847222222
2022-07-30,"sn_12",-24.6727777777778
2022-07-30,"sn_13",8.68070833333333
2022-07-31,"sn_08",8.87776388888889
2022-07-31,"sn_11",11.4504166666667
2022-07-31,"sn_12",-32.035625
2022-07-31,"sn_13",9.11444444444444
2022-08-01,"sn_08",9.77855555555556
2022-08-01,"sn_11",12.4477777777778
2022-08-01,"sn_12",-34.7727777777778
2022-08-01,"sn_13",9.89327777777778
2022-08-02,"sn_08",10.3282638888889
2022-08-02,"sn_11",12.970625
2022-08-02,"sn_12",-38.7950694444444
2022-08-02,"sn_13",10.4040972222222
2022-08-03,"sn_08",10.6863888888889
2022-08-03,"sn_11",13.5601388888889
2022-08-03,"sn_12",-42.7604166666667
2022-08-03,"sn_13",10.7459027777778
2022-08-04,"sn_08",11.4110416666667
2022-08-04,"sn_11",15.9670833333333
2022-08-04,"sn_12",-37.0140277777778
2022-08-04,"sn_13",11.2139583333333
2022-08-05,"sn_08",10.5304861111111
2022-08-05,"sn_11",13.9821527777778
2022-08-05,"sn_12",-38.115
2022-08-05,"sn_13",10.4878472222222
2022-08-06,"sn_08",10.7694444444444
2022-08-06,"sn_11",14.1650694444444
2022-08-06,"sn_12",-48.6343055555556
2022-08-06,"sn_13",10.7411111111111
2022-08-07,"sn_08",10.6856944444444
2022-08-07,"sn_11",14.5868055555556
2022-08-07,"sn_12",-47.6865277777778
2022-08-07,"sn_13",10.6579166666667
2022-08-08,"sn_08",10.4817222222222
2022-08-08,"sn_11",14.3859722222222
2022-08-08,"sn_12",-51.5952447552448
2022-08-08,"sn_13",10.4196527777778
2022-08-09,"sn_08",10.3243680555556
2022-08-09,"sn_11",14.7499305555556
2022-08-09,"sn_12",-45.7667361111111
2022-08-09,"sn_13",10.0460416666667
2022-08-10,"sn_08",10.8263680555556
2022-08-10,"sn_11",15.9970138888889
2022-08-10,"sn_12",-37.2907638888889
2022-08-10,"sn_13",10.1727638888889
2022-08-11,"sn_08",10.5690277777778
2022-08-11,"sn_11",15.0184722222222
2022-08-11,"sn_12",-37.0257638888889
2022-08-11,"sn_13",9.96423611111111
2022-08-12,"sn_08",10.3891597222222
2022-08-12,"sn_11",15.2483333333333
2022-08-12,"sn_12",-36.9664583333333
2022-08-12,"sn_13",10.0205555555556
2022-08-13,"sn_08",10.2455625
2022-08-13,"sn_11",15.1384027777778
2022-08-13,"sn_12",-35.9386805555556
2022-08-13,"sn_13",9.89677777777778
2022-08-14,"sn_08",10.4150972222222
2022-08-14,"sn_11",14.6363194444444
2022-08-14,"sn_12",-47.7165972222222
2022-08-14,"sn_13",10.215
2022-08-15,"sn_08",9.76284722222222
2022-08-15,"sn_11",12.4218055555556
2022-08-15,"sn_12",-53.843125
2022-08-15,"sn_13",9.75145833333333
2022-08-16,"sn_08",8.58738194444445
2022-08-16,"sn_11",10.376875
2022-08-16,"sn_12",-56.6915972222222
2022-08-16,"sn_13",8.99083333333333
2022-08-17,"sn_08",8.75055555555556
2022-08-17,"sn_11",11.7184791666667
2022-08-17,"sn_12",-58.5852777777778
2022-08-17,"sn_13",8.96613888888889
2022-08-18,"sn_08",8.65941666666667
2022-08-18,"sn_11",11.689875
2022-08-18,"sn_12",-59.5609722222222
2022-08-18,"sn_13",8.77760416666667
2022-08-19,"sn_08",8.20238888888889
2022-08-19,"sn_11",10.7982708333333
2022-08-19,"sn_12",-61.4370138888889
2022-08-19,"sn_13",8.27708333333333
2022-08-20,"sn_08",7.69559722222222
2022-08-20,"sn_11",9.89860416666667
2022-08-20,"sn_12",-63.1029861111111
2022-08-20,"sn_13",7.89842361111111
2022-08-21,"sn_08",7.08460416666667
2022-08-21,"sn_11",8.72010416666667
2022-08-21,"sn_12",-63.1411805555556
2022-08-21,"sn_13",7.68095138888889
2022-08-22,"sn_08",6.87555555555556
2022-08-22,"sn_11",9.00441666666667
2022-08-22,"sn_12",-63.9209027777778
2022-08-22,"sn_13",7.47486111111111
2022-08-23,"sn_08",6.43816666666667
2022-08-23,"sn_11",9.04846527777778
2022-08-23,"sn_12",-63.7133333333333
2022-08-23,"sn_13",7.23350694444444
2022-08-24,"sn_08",6.97736805555556
2022-08-24,"sn_11",9.82588194444445
2022-08-24,"sn_12",-52.8720833333333
2022-08-24,"sn_13",7.45786805555556
2022-08-25,"sn_08",7.42165277777778
2022-08-25,"sn_11",10.1387152777778
2022-08-25,"sn_12",-47.3791666666667
2022-08-25,"sn_13",7.68757638888889
2022-08-26,"sn_08",7.62629861111111
2022-08-26,"sn_11",9.76830555555556
2022-08-26,"sn_12",-47.8535416666667
2022-08-26,"sn_13",7.98261111111111
2022-08-27,"sn_08",7.80129861111111
2022-08-27,"sn_11",10.1789513888889
2022-08-27,"sn_12",-46.6560416666667
2022-08-27,"sn_13",8.15278472222222
2022-08-28,"sn_08",7.80533333333333
2022-08-28,"sn_11",10.6278263888889
2022-08-28,"sn_12",-46.7463888888889
2022-08-28,"sn_13",8.05670138888889
2022-08-29,"sn_08",8.56502083333333
2022-08-29,"sn_11",12.6696944444444
2022-08-29,"sn_12",-47.5013888888889
2022-08-29,"sn_13",8.63506944444444
2022-08-30,"sn_08",9.23115972222222
2022-08-30,"sn_11",14.2802777777778
2022-08-30,"sn_12",-38.3485416666667
2022-08-30,"sn_13",8.87903472222222
2022-08-31,"sn_08",9.58261805555555
2022-08-31,"sn_11",14.3443055555556
2022-08-31,"sn_13",9.15590277777778
2022-09-01,"sn_08",8.81823611111111
2022-09-01,"sn_11",13.0347916666667
2022-09-01,"sn_12",-26.8835416666667
2022-09-01,"sn_13",8.48934027777778
2022-09-02,"sn_08",8.99435416666667
2022-09-02,"sn_11",13.435
2022-09-02,"sn_13",8.62734027777778
2022-09-03,"sn_08",9.33355555555556
2022-09-03,"sn_11",14.3811805555556
2022-09-03,"sn_13",8.64231944444444
2022-09-04,"sn_08",9.69780555555556
2022-09-04,"sn_11",14.7975
2022-09-04,"sn_12",-22.5352777777778
2022-09-04,"sn_13",8.96040277777778
2022-09-05,"sn_08",9.76531944444444
2022-09-05,"sn_11",14.4115277777778
2022-09-05,"sn_12",-25.06625
2022-09-05,"sn_13",8.79929861111111
2022-09-06,"sn_08",9.68844444444444
2022-09-06,"sn_11",14.9907638888889
2022-09-06,"sn_12",-26.2689583333333
2022-09-06,"sn_13",8.99528472222222
2022-09-07,"sn_08",9.25865277777778
2022-09-07,"sn_11",14.354375
2022-09-07,"sn_12",-28.9197916666667
2022-09-07,"sn_13",8.67615972222222
2022-09-08,"sn_08",9.56009027777778
2022-09-08,"sn_11",14.8273611111111
2022-09-08,"sn_13",8.87599305555556
2022-09-09,"sn_08",9.15786111111111
2022-09-09,"sn_11",13.661875
2022-09-09,"sn_12",-49.8891666666667
2022-09-09,"sn_13",8.69782638888889
2022-09-10,"sn_08",8.56657638888889
2022-09-10,"sn_11",12.525
2022-09-10,"sn_12",-55.0140277777778
2022-09-10,"sn_13",8.44888888888889
2022-09-11,"sn_08",7.7811875
2022-09-11,"sn_11",12.2701666666667
2022-09-11,"sn_13",7.70477777777778
2022-09-12,"sn_08",8.07613888888889
2022-09-12,"sn_11",13.1978402777778
2022-09-12,"sn_12",-35.1279861111111
2022-09-12,"sn_13",7.61040972222222
2022-09-13,"sn_08",6.96064583333333
2022-09-13,"sn_11",10.9781041666667
2022-09-13,"sn_12",-34.3392361111111
2022-09-13,"sn_13",6.33570138888889
2022-09-14,"sn_08",7.27447916666667
2022-09-14,"sn_11",10.5085416666667
2022-09-14,"sn_12",-31.6274305555556
2022-09-14,"sn_13",6.86605555555556
2022-09-15,"sn_08",6.49276388888889
2022-09-15,"sn_11",8.74419444444444
2022-09-15,"sn_12",-33.5724305555556
2022-09-15,"sn_13",6.58965277777778
2022-09-16,"sn_08",5.90110416666667
2022-09-16,"sn_11",8.39694444444445
2022-09-16,"sn_12",-33.6308333333333
2022-09-16,"sn_13",6.20350694444444
2022-09-17,"sn_08",6.06861805555556
2022-09-17,"sn_11",9.42325694444444
2022-09-17,"sn_12",-32.7245833333333
2022-09-17,"sn_13",6.52197916666667
2022-09-18,"sn_08",6.69916666666667
2022-09-18,"sn_11",11.3328472222222
2022-09-18,"sn_12",-32.6599305555556
2022-09-18,"sn_13",6.90377083333333
2022-09-19,"sn_08",7.26483333333333
2022-09-19,"sn_11",12.1773611111111
2022-09-19,"sn_12",-32.0182638888889
2022-09-19,"sn_13",7.09204861111111
2022-09-20,"sn_08",7.18550694444444
2022-09-20,"sn_11",12.2867222222222
2022-09-20,"sn_12",-31.8845138888889
2022-09-20,"sn_13",6.93965972222222
2022-09-21,"sn_08",6.84225
2022-09-21,"sn_11",10.5541666666667
2022-09-21,"sn_12",-29.3776388888889
2022-09-21,"sn_13",6.74580555555556
2022-09-22,"sn_08",6.16615277777778
2022-09-22,"sn_11",8.18614583333333
2022-09-22,"sn_12",-30.2867361111111
2022-09-22,"sn_13",6.57873611111111
2022-09-23,"sn_08",5.16810416666667
2022-09-23,"sn_11",6.92420138888889
2022-09-23,"sn_12",-30.0091666666667
2022-09-23,"sn_13",5.573125
2022-09-24,"sn_08",4.87681944444444
2022-09-24,"sn_11",7.63575694444444
2022-09-24,"sn_12",-30.6645138888889
2022-09-24,"sn_13",5.22603472222222
2022-09-25,"sn_08",5.32645833333333
2022-09-25,"sn_11",9.73464583333333
2022-09-25,"sn_12",-30.3644444444444
2022-09-25,"sn_13",5.4169375
2022-09-26,"sn_08",6.14990277777778
2022-09-26,"sn_11",11.1856944444444
2022-09-26,"sn_12",-29.2476388888889
2022-09-26,"sn_13",6.09086805555556
2022-09-27,"sn_08",5.53509722222222
2022-09-27,"sn_11",9.61276388888889
2022-09-27,"sn_13",5.48581944444444
2022-09-28,"sn_08",6.04925
2022-09-28,"sn_11",10.3940694444444
2022-09-28,"sn_13",6.15958333333333
2022-09-29,"sn_08",5.96161805555556
2022-09-29,"sn_11",9.60052083333333
2022-09-29,"sn_13",5.95811111111111
2022-09-30,"sn_08",5.13488194444444
2022-09-30,"sn_11",7.5798125
2022-09-30,"sn_13",5.26683333333333
2022-10-01,"sn_08",4.36353472222222
2022-10-01,"sn_11",6.22704166666667
2022-10-01,"sn_13",4.79809722222222
2022-10-02,"sn_08",3.94452083333333
2022-10-02,"sn_11",5.25100694444444
2022-10-02,"sn_13",4.47673611111111
2022-10-03,"sn_08",4.17919444444444
2022-10-03,"sn_11",6.33145138888889
2022-10-03,"sn_13",5.01727083333333
2022-10-04,"sn_08",4.17921527777778
2022-10-04,"sn_11",6.35443055555556
2022-10-04,"sn_13",4.87823611111111
2022-10-05,"sn_08",3.546875
2022-10-05,"sn_11",6.00023611111111
2022-10-05,"sn_13",4.07745833333333
2022-10-06,"sn_08",3.38934027777778
2022-10-06,"sn_11",7.41869444444444
2022-10-06,"sn_12",-31.7265277777778
2022-10-06,"sn_13",4.20045833333333
2022-10-07,"sn_08",3.34929861111111
2022-10-07,"sn_11",7.05058333333333
2022-10-07,"sn_12",-30.5345833333333
2022-10-07,"sn_13",3.98429861111111
2022-10-08,"sn_08",3.11128472222222
2022-10-08,"sn_11",7.01940972222222
2022-10-08,"sn_12",-30.4761111111111
2022-10-08,"sn_13",3.76132638888889
2022-10-09,"sn_08",3.20026388888889
2022-10-09,"sn_11",7.31943055555556
2022-10-09,"sn_12",-30.0046527777778
2022-10-09,"sn_13",3.74711805555556
2022-10-10,"sn_08",3.06202083333333
2022-10-10,"sn_11",7.40589583333333
2022-10-10,"sn_12",-29.5216666666667
2022-10-10,"sn_13",3.60654166666667
2022-10-11,"sn_08",2.85053472222222
2022-10-11,"sn_11",6.41291666666667
2022-10-11,"sn_12",-28.9638888888889
2022-10-11,"sn_13",2.97398611111111
2022-10-12,"sn_08",2.52634027777778
2022-10-12,"sn_11",6.09318055555556
2022-10-12,"sn_12",-28.9356944444444
2022-10-12,"sn_13",2.64022222222222
2022-10-13,"sn_08",2.64624305555556
2022-10-13,"sn_11",6.35043055555556
2022-10-13,"sn_12",-28.5832638888889
2022-10-13,"sn_13",2.81477777777778
2022-10-14,"sn_08",2.27309722222222
2022-10-14,"sn_11",5.84815972222222
2022-10-14,"sn_12",-28.5709027777778
2022-10-14,"sn_13",2.33935416666667
2022-10-15,"sn_08",2.67549305555556
2022-10-15,"sn_11",6.99266666666667
2022-10-15,"sn_12",-28.2384722222222
2022-10-15,"sn_13",2.75709027777778
2022-10-16,"sn_08",3.07585416666667
2022-10-16,"sn_11",7.1104375
2022-10-16,"sn_12",-27.8923611111111
2022-10-16,"sn_13",3.198875
2022-10-17,"sn_08",2.70560416666667
2022-10-17,"sn_11",7.00322916666667
2022-10-17,"sn_12",-27.9934722222222
2022-10-17,"sn_13",2.70577777777778
2022-10-18,"sn_08",2.26989583333333
2022-10-18,"sn_11",6.77269444444444
2022-10-18,"sn_12",-27.9052083333333
2022-10-18,"sn_13",2.280625
2022-10-19,"sn_08",2.59385416666667
2022-10-19,"sn_11",7.35613194444444
2022-10-19,"sn_12",-26.6813888888889
2022-10-19,"sn_13",2.52572222222222
2022-10-20,"sn_08",2.41272222222222
2022-10-20,"sn_11",6.86769444444444
2022-10-20,"sn_12",-26.0963888888889
2022-10-20,"sn_13",2.39345833333333
2022-10-21,"sn_08",2.25078472222222
2022-10-21,"sn_11",5.85216666666667
2022-10-21,"sn_12",-26.1379861111111
2022-10-21,"sn_13",1.97936805555556
2022-10-22,"sn_08",2.38064583333333
2022-10-22,"sn_11",6.2973125
2022-10-22,"sn_12",-25.4231944444444
2022-10-22,"sn_13",2.01798611111111
2022-10-23,"sn_08",1.57294444444444
2022-10-23,"sn_11",4.19355555555556
2022-10-23,"sn_12",-25.5347222222222
2022-10-23,"sn_13",1.39678472222222
2022-10-24,"sn_08",0.0429097222222222
2022-10-24,"sn_11",0.319208333333333
2022-10-24,"sn_12",-23.4755555555556
2022-10-24,"sn_13",0.350666666666667
2022-10-25,"sn_08",-0.473736111111111
2022-10-25,"sn_11",-0.392340277777778
2022-10-25,"sn_12",-22.6748611111111
2022-10-25,"sn_13",-0.0590625
2022-10-26,"sn_08",-0.569451388888889
2022-10-26,"sn_11",-0.547055555555556
2022-10-26,"sn_12",-23.4450694444444
2022-10-26,"sn_13",-0.0634930555555556
2022-10-27,"sn_08",-0.546034722222222
2022-10-27,"sn_11",0.0489166666666667
2022-10-27,"sn_12",-23.5413888888889
2022-10-27,"sn_13",0.0182638888888889
2022-10-28,"sn_08",-0.587763888888889
2022-10-28,"sn_11",0.00117361111111111
2022-10-28,"sn_12",-23.405625
2022-10-28,"sn_13",0.0263680555555556
2022-10-29,"sn_08",-0.810611111111111
2022-10-29,"sn_11",0.249729166666667
2022-10-29,"sn_12",-23.5172916666667
2022-10-29,"sn_13",0.0299791666666667
2022-10-30,"sn_08",-0.8579375
2022-10-30,"sn_11",0.0146458333333333
2022-10-30,"sn_12",-23.5954861111111
2022-10-30,"sn_13",0.0280902777777778
2022-10-31,"sn_08",-0.856020833333333
2022-10-31,"sn_11",-0.312472222222222
2022-10-31,"sn_12",-23.6846527777778
2022-10-31,"sn_13",-0.0799861111111111
2022-11-01,"sn_08",-0.867111111111111
2022-11-01,"sn_11",0.548638888888889
2022-11-01,"sn_12",-23.8483333333333
2022-11-01,"sn_13",-0.0399930555555556
2022-11-02,"sn_08",-0.862958333333333
2022-11-02,"sn_11",1.11670833333333
2022-11-02,"sn_12",-25.2011111111111
2022-11-02,"sn_13",-0.0948472222222222
2022-11-03,"sn_08",-0.893
2022-11-03,"sn_11",0.0575902777777778
2022-11-03,"sn_13",-0.0861111111111111
2022-11-04,"sn_08",-0.835034722222222
2022-11-04,"sn_11",-0.0461180555555556
2022-11-04,"sn_12",-15.1870138888889
2022-11-04,"sn_13",-0.0665208333333333
2022-11-05,"sn_08",-1.115625
2022-11-05,"sn_11",-1.89922916666667
2022-11-05,"sn_12",-24.7184722222222
2022-11-05,"sn_13",-0.0767291666666667
2022-11-06,"sn_08",-1.02954861111111
2022-11-06,"sn_11",-1.44194444444444
2022-11-06,"sn_12",-25.5881944444444
2022-11-06,"sn_13",-0.08725
2022-11-07,"sn_08",-0.886277777777778
2022-11-07,"sn_11",-0.927319444444444
2022-11-07,"sn_12",-25.1852083333333
2022-11-07,"sn_13",-0.113458333333333
2022-11-08,"sn_08",-0.865520833333333
2022-11-08,"sn_11",-0.569375
2022-11-08,"sn_12",-25.3097916666667
2022-11-08,"sn_13",-0.116291666666667
2022-11-09,"sn_08",-0.888805555555556
2022-11-09,"sn_11",-0.851979166666667
2022-11-09,"sn_12",-25.5847222222222
2022-11-09,"sn_13",-0.110319444444444
2022-11-10,"sn_08",-1.11095833333333
2022-11-10,"sn_11",-2.36602777777778
2022-11-10,"sn_12",-22.9596527777778
2022-11-10,"sn_13",-0.128798611111111
2022-11-11,"sn_08",-1.2573125
2022-11-11,"sn_11",-5.33426388888889
2022-11-11,"sn_12",-25.9256944444444
2022-11-11,"sn_13",-0.238243055555556
2022-11-12,"sn_08",-1.53368055555556
2022-11-12,"sn_11",-5.64218055555556
2022-11-12,"sn_12",-28.9682638888889
2022-11-12,"sn_13",-0.395715277777778
2022-11-13,"sn_08",-1.74754861111111
2022-11-13,"sn_11",-4.87833333333333
2022-11-13,"sn_12",-31.4952083333333
2022-11-13,"sn_13",-0.442479166666667
2022-11-14,"sn_08",-1.7369375
2022-11-14,"sn_11",-3.81186805555556
2022-11-14,"sn_12",-30.7561111111111
2022-11-14,"sn_13",-0.417576388888889
2022-11-15,"sn_08",-1.72914583333333
2022-11-15,"sn_11",-4.17004166666667
2022-11-15,"sn_12",-30.9240277777778
2022-11-15,"sn_13",-0.359743055555556
2022-11-16,"sn_08",-2.05605555555556
2022-11-16,"sn_11",-5.75688888888889
2022-11-16,"sn_12",-34.4428472222222
2022-11-16,"sn_13",-0.523708333333333
2022-11-17,"sn_08",-2.35311805555556
2022-11-17,"sn_11",-7.67425694444444
2022-11-17,"sn_12",-36.645
2022-11-17,"sn_13",-0.646715277777778
2022-11-18,"sn_08",-2.233625
2022-11-18,"sn_11",-5.78164583333333
2022-11-18,"sn_12",-35.6601388888889
2022-11-18,"sn_13",-0.580805555555556
2022-11-19,"sn_08",-2.13191666666667
2022-11-19,"sn_11",-6.91852083333333
2022-11-19,"sn_12",-39.6359722222222
2022-11-19,"sn_13",-0.644451388888889
2022-11-20,"sn_08",-2.57045833333333
2022-11-20,"sn_11",-7.51216666666667
2022-11-20,"sn_12",-39.5518055555556
2022-11-20,"sn_13",-0.677986111111111
2022-11-21,"sn_08",-2.69534027777778
2022-11-21,"sn_11",-6.60418055555556
2022-11-21,"sn_12",-38.6511111111111
2022-11-21,"sn_13",-0.687791666666667
2022-11-22,"sn_08",-2.69165972222222
2022-11-22,"sn_11",-6.31055555555556
2022-11-22,"sn_12",-38.3623611111111
2022-11-22,"sn_13",-0.684472222222222
2022-11-23,"sn_08",-2.89880555555556
2022-11-23,"sn_11",-7.47704861111111
2022-11-23,"sn_12",-39.6552777777778
2022-11-23,"sn_13",-0.725319444444444
2022-11-24,"sn_08",-3.0835625
2022-11-24,"sn_11",-6.75757638888889
2022-11-24,"sn_12",-39.96375
2022-11-24,"sn_13",-0.755006944444444
2022-11-25,"sn_08",-3.21432638888889
2022-11-25,"sn_11",-4.76604166666667
2022-11-25,"sn_12",-35.6341666666667
2022-11-25,"sn_13",-0.695923611111111
2022-11-26,"sn_08",-2.88190972222222
2022-11-26,"sn_11",-2.80395138888889
2022-11-26,"sn_12",-29.8422916666667
2022-11-26,"sn_13",-0.692701388888889
2022-11-27,"sn_08",-2.6383125
2022-11-27,"sn_11",-2.17208333333333
2022-11-27,"sn_12",-26.1935416666667
2022-11-27,"sn_13",-0.653208333333333
2022-11-28,"sn_08",-2.94750694444444
2022-11-28,"sn_11",-6.40121527777778
2022-11-28,"sn_12",-36.6029166666667
2022-11-28,"sn_13",-0.764166666666667
2022-11-29,"sn_08",-2.97215972222222
2022-11-29,"sn_11",-5.73772222222222
2022-11-29,"sn_12",-36.2608333333333
2022-11-29,"sn_13",-0.635958333333333
2022-11-30,"sn_08",-3.14458333333333
2022-11-30,"sn_11",-7.24088194444444
2022-11-30,"sn_12",-42.3825
2022-11-30,"sn_13",-0.679159722222222
2022-12-01,"sn_08",-3.13047222222222
2022-12-01,"sn_11",-5.70315972222222
2022-12-01,"sn_12",-38.6483333333333
2022-12-01,"sn_13",-0.84275
2022-12-02,"sn_08",-2.98832638888889
2022-12-02,"sn_11",-5.70069444444444
2022-12-02,"sn_12",-37.0577083333333
2022-12-02,"sn_13",-0.772729166666667
2022-12-03,"sn_08",-2.72847222222222
2022-12-03,"sn_11",-5.2468125
2022-12-03,"sn_12",-37.9159027777778
2022-12-03,"sn_13",-0.668583333333333
2022-12-04,"sn_08",-2.54649305555556
2022-12-04,"sn_11",-3.79995833333333
2022-12-04,"sn_13",-0.686145833333333
2022-12-05,"sn_08",-2.25516666666667
2022-12-05,"sn_11",-3.62760416666667
2022-12-05,"sn_12",-32.3326388888889
2022-12-05,"sn_13",-0.6735625
2022-12-06,"sn_08",-2.05345833333333
2022-12-06,"sn_11",-3.61483333333333
2022-12-06,"sn_12",-31.7026388888889
2022-12-06,"sn_13",-0.650395833333333
2022-12-07,"sn_08",-2.06015277777778
2022-12-07,"sn_11",-3.62268055555556
2022-12-07,"sn_12",-33.3624305555556
2022-12-07,"sn_13",-0.559493055555556
2022-12-08,"sn_08",-2.03429166666667
2022-12-08,"sn_11",-3.70267361111111
2022-12-08,"sn_13",-0.581770833333333
2022-12-09,"sn_08",-2.10040277777778
2022-12-09,"sn_11",-4.73354166666667
2022-12-09,"sn_12",-43.9282638888889
2022-12-09,"sn_13",-0.661527777777778
2022-12-10,"sn_08",-2.56111111111111
2022-12-10,"sn_11",-7.06720833333333
2022-12-10,"sn_12",-43.7075694444444
2022-12-10,"sn_13",-0.672909722222222
2022-12-11,"sn_08",-2.79336111111111
2022-12-11,"sn_11",-5.44470833333333
2022-12-11,"sn_12",-40.8756944444444
2022-12-11,"sn_13",-0.719131944444444
2022-12-12,"sn_08",-3.00184027777778
2022-12-12,"sn_11",-4.94193055555556
2022-12-12,"sn_12",-40.2777083333333
2022-12-12,"sn_13",-0.705986111111111
2022-12-13,"sn_08",-3.09503472222222
2022-12-13,"sn_11",-8.49617361111111
2022-12-13,"sn_13",-1.01231944444444
2022-12-14,"sn_08",-3.53494444444444
2022-12-14,"sn_11",-11.5316666666667
2022-12-14,"sn_13",-1.50586111111111
2022-12-15,"sn_08",-4.05781944444444
2022-12-15,"sn_11",-13.0450694444444
2022-12-15,"sn_13",-1.94788888888889
2022-12-16,"sn_08",-4.57096527777778
2022-12-16,"sn_11",-15.2026388888889
2022-12-16,"sn_13",-2.30822222222222
2022-12-17,"sn_08",-5.408
2022-12-17,"sn_11",-13.3327777777778
2022-12-17,"sn_12",-57.579375
2022-12-17,"sn_13",-2.38683333333333
2022-12-18,"sn_08",-5.55095138888889
2022-12-18,"sn_11",-11.0047291666667
2022-12-18,"sn_13",-2.25752777777778
2022-12-19,"sn_08",-5.58097916666667
2022-12-19,"sn_11",-10.4684375
2022-12-19,"sn_12",-56.7131944444444
2022-12-19,"sn_13",-2.27286805555556
2022-12-20,"sn_08",-5.79386111111111
2022-12-20,"sn_11",-9.972
2022-12-20,"sn_13",-2.38036111111111
2022-12-21,"sn_08",-5.17022916666667
2022-12-21,"sn_11",-9.16270833333333
2022-12-21,"sn_13",-1.90388194444444
2022-12-22,"sn_08",-4.83919444444444
2022-12-22,"sn_11",-9.49402777777778
2022-12-22,"sn_13",-1.50794444444444
2022-12-23,"sn_08",-5.98233333333333
2022-12-23,"sn_11",-11.7495833333333
2022-12-23,"sn_13",-2.21507638888889
2022-12-24,"sn_08",-5.29852083333333
2022-12-24,"sn_11",-8.79338194444444
2022-12-24,"sn_13",-1.92300694444444
2022-12-25,"sn_08",-4.76265277777778
2022-12-25,"sn_11",-7.74049305555556
2022-12-25,"sn_13",-1.71907638888889
2022-12-26,"sn_08",-4.22663888888889
2022-12-26,"sn_11",-6.90685416666667
2022-12-26,"sn_13",-1.33179861111111
2022-12-27,"sn_08",-3.8858125
2022-12-27,"sn_11",-5.50740277777778
2022-12-27,"sn_13",-1.29740972222222
2022-12-28,"sn_08",-3.61658333333333
2022-12-28,"sn_11",-5.05945138888889
2022-12-28,"sn_13",-1.27852083333333
2022-12-29,"sn_08",-3.43389583333333
2022-12-29,"sn_11",-6.75384722222222
2022-12-29,"sn_13",-1.25876388888889
2022-12-30,"sn_08",-4.01981944444444
2022-12-30,"sn_11",-9.96763888888889
2022-12-30,"sn_13",-1.73522222222222
2022-12-31,"sn_08",-4.19211111111111
2022-12-31,"sn_11",-7.76559027777778
2022-12-31,"sn_13",-1.58534027777778
